order_id,customer_id,order_status,order_date,required_date,shipped_date,store_id,staff_id,discount_id,total_amount
1,259,4,1/1/2016,1/9/2016,1/21/2016,1,2,49,3574.10
2,1212,4,1/2/2016,1/10/2016,1/22/2016,2,6,17,4181.70
3,523,4,1/3/2016,1/11/2016,1/23/2016,2,7,38,1110.78
4,175,4,1/4/2016,1/12/2016,1/24/2016,1,3,40,2245.74
5,1324,4,1/5/2016,1/13/2016,1/25/2016,2,6,7,3174.74
6,94,4,4/29/2020,1/14/2016,1/26/2016,2,6,8,661.81
7,324,4,1/7/2016,1/15/2016,1/27/2016,2,6,39,2683.52
8,1204,4,1/8/2016,1/16/2016,1/28/2016,2,7,27,4002.92
9,60,4,1/9/2016,1/17/2016,1/29/2016,1,2,12,2051.98
10,442,4,1/10/2016,1/18/2016,1/30/2016,2,6,41,3446.36
11,1326,4,1/11/2016,1/19/2016,1/31/2016,2,7,11,4127.24
12,91,4,1/12/2016,1/20/2016,2/1/2016,1,2,36,555.93
13,873,4,1/13/2016,1/21/2016,2/2/2016,2,6,3,4484.85
14,258,4,4/29/2020,1/22/2016,2/3/2016,1,3,32,4844.67
15,450,4,1/15/2016,1/23/2016,2/4/2016,2,7,1,3524.98
16,552,4,1/16/2016,1/24/2016,2/5/2016,1,3,11,3255.99
17,1175,4,1/17/2016,1/25/2016,2/6/2016,1,3,18,885.13
18,541,4,1/18/2016,1/26/2016,2/7/2016,1,3,37,4717.76
19,696,4,1/19/2016,1/27/2016,2/8/2016,1,2,2,2032.22
20,923,4,1/20/2016,1/28/2016,2/9/2016,1,2,36,4616.63
21,1250,4,1/21/2016,1/29/2016,2/10/2016,2,6,17,1944.13
22,1035,4,1/22/2016,1/30/2016,2/11/2016,1,2,1,721.85
23,1149,4,1/23/2016,1/31/2016,2/12/2016,1,2,4,4791.11
24,636,4,1/24/2016,2/1/2016,2/13/2016,2,7,33,3335.54
25,657,4,1/25/2016,2/2/2016,2/14/2016,2,6,8,2565.82
26,1280,4,1/26/2016,2/3/2016,2/15/2016,2,7,41,504.73
27,57,4,1/27/2016,2/4/2016,2/16/2016,2,7,38,4787.12
28,252,4,1/28/2016,2/5/2016,2/17/2016,2,6,33,4415.54
29,437,4,1/29/2016,2/6/2016,2/18/2016,2,6,1,580.70
30,1348,4,1/30/2016,2/7/2016,2/19/2016,2,6,42,2862.26
31,1238,4,1/31/2016,2/8/2016,2/20/2016,3,8,19,1970.10
32,1259,4,2/1/2016,2/9/2016,2/21/2016,1,3,45,2577.00
33,236,4,2/2/2016,2/10/2016,2/22/2016,2,6,36,993.90
34,80,4,2/3/2016,2/11/2016,2/23/2016,2,6,41,1640.22
35,813,4,2/4/2016,2/12/2016,2/24/2016,2,7,4,2862.47
36,1321,4,2/5/2016,2/13/2016,2/25/2016,2,6,6,4919.66
37,164,4,2/6/2016,2/14/2016,2/26/2016,2,6,2,2655.94
38,583,4,2/7/2016,2/15/2016,2/27/2016,2,7,39,3633.74
39,1296,4,2/8/2016,2/16/2016,2/28/2016,2,7,40,968.67
40,348,4,2/9/2016,2/17/2016,2/29/2016,1,3,23,4287.43
41,979,4,2/10/2016,2/18/2016,3/1/2016,2,6,27,2433.02
42,1095,4,2/11/2016,2/19/2016,3/2/2016,2,7,27,2466.17
43,1434,4,2/12/2016,2/20/2016,3/3/2016,2,7,43,3612.39
44,861,4,2/13/2016,2/21/2016,3/4/2016,2,7,39,2259.14
45,1220,4,2/14/2016,2/22/2016,3/5/2016,2,7,25,3054.55
46,746,4,2/15/2016,2/23/2016,3/6/2016,2,7,18,4472.37
47,1234,4,2/16/2016,2/24/2016,3/7/2016,2,7,32,822.45
48,1012,4,2/17/2016,2/25/2016,3/8/2016,2,7,15,2376.30
49,608,4,2/18/2016,2/26/2016,3/9/2016,2,6,48,4753.35
50,872,4,2/19/2016,2/27/2016,3/10/2016,3,8,12,2397.63
51,1047,4,2/20/2016,2/28/2016,3/11/2016,2,7,35,650.86
52,767,4,2/21/2016,2/29/2016,3/12/2016,1,2,16,3029.98
53,965,4,2/22/2016,3/1/2016,3/13/2016,2,6,45,3476.59
54,535,4,2/23/2016,3/2/2016,3/14/2016,2,7,21,951.00
55,1173,4,2/24/2016,3/3/2016,3/15/2016,2,6,8,3760.95
56,1241,4,2/25/2016,3/4/2016,3/16/2016,2,6,44,1549.10
57,1305,4,2/26/2016,3/5/2016,3/17/2016,2,7,36,4638.46
58,504,4,2/27/2016,3/6/2016,3/18/2016,2,6,11,3507.52
59,563,4,2/28/2016,3/7/2016,3/19/2016,2,7,8,3635.43
60,151,4,2/29/2016,3/8/2016,3/20/2016,1,3,15,1523.36
61,277,4,3/1/2016,3/9/2016,3/21/2016,2,7,28,2520.76
62,208,4,3/2/2016,3/10/2016,3/22/2016,1,2,21,2928.76
63,1075,4,3/3/2016,3/11/2016,3/23/2016,2,7,11,3802.51
64,1185,4,3/4/2016,3/12/2016,3/24/2016,2,6,28,4879.05
65,996,4,3/5/2016,3/13/2016,3/25/2016,2,6,33,1333.67
66,1253,4,3/6/2016,3/14/2016,3/26/2016,2,7,36,2733.48
67,526,4,3/7/2016,3/15/2016,3/27/2016,3,8,41,1898.98
68,381,4,3/8/2016,3/16/2016,3/28/2016,2,6,17,826.75
69,1413,4,3/9/2016,3/17/2016,3/29/2016,2,7,48,2538.38
70,50,3,3/10/2016,3/18/2016,3/30/2016,3,9,44,3348.14
71,797,4,3/11/2016,3/19/2016,3/31/2016,2,7,30,731.81
72,1386,4,3/12/2016,3/20/2016,4/1/2016,1,2,17,4456.39
73,612,4,3/13/2016,3/21/2016,4/2/2016,2,7,14,4278.77
74,264,4,3/14/2016,3/22/2016,4/3/2016,2,7,30,3480.27
75,587,4,3/15/2016,3/23/2016,4/4/2016,2,6,4,4054.17
76,9,3,3/16/2016,3/24/2016,4/5/2016,2,6,11,2108.70
77,385,4,3/17/2016,3/25/2016,4/6/2016,1,2,23,4805.84
78,1182,4,3/18/2016,3/26/2016,4/7/2016,2,7,39,3089.00
79,529,4,3/19/2016,3/27/2016,4/8/2016,1,3,46,4803.65
80,397,4,3/20/2016,3/28/2016,4/9/2016,2,6,6,2129.54
81,521,4,3/21/2016,3/29/2016,4/10/2016,2,6,15,3705.83
82,1223,4,3/22/2016,3/30/2016,4/11/2016,2,6,2,3444.10
83,393,4,3/23/2016,3/31/2016,4/12/2016,1,3,14,3280.29
84,317,4,3/24/2016,4/1/2016,4/13/2016,2,7,12,4214.97
85,1174,4,3/25/2016,4/2/2016,4/14/2016,2,7,21,975.75
86,276,4,3/26/2016,4/3/2016,4/15/2016,2,7,42,4291.02
87,516,4,3/27/2016,4/4/2016,4/16/2016,2,6,32,2209.00
88,1069,4,3/28/2016,4/5/2016,4/17/2016,2,6,30,3510.93
89,668,4,3/29/2016,4/6/2016,4/18/2016,3,8,36,3955.72
90,414,4,3/30/2016,4/7/2016,4/19/2016,2,7,25,4976.61
91,648,4,3/31/2016,4/8/2016,4/20/2016,1,2,36,3373.60
92,1309,4,4/1/2016,4/9/2016,4/21/2016,2,7,10,3433.87
93,1328,4,4/2/2016,4/10/2016,4/22/2016,1,3,28,3477.69
94,929,4,4/3/2016,4/11/2016,4/23/2016,1,2,47,583.92
95,218,4,4/4/2016,4/12/2016,4/24/2016,2,7,23,1466.23
96,1094,4,4/5/2016,4/13/2016,4/25/2016,2,7,42,2302.34
97,204,4,4/6/2016,4/14/2016,4/26/2016,2,7,42,3541.73
98,1194,4,4/7/2016,4/15/2016,4/27/2016,2,6,23,2167.38
99,1165,4,4/8/2016,4/16/2016,4/28/2016,3,9,33,2937.82
100,1237,4,4/9/2016,4/17/2016,4/29/2016,2,7,1,1924.40
101,271,4,4/10/2016,4/18/2016,4/30/2016,3,8,7,3100.57
102,336,4,4/11/2016,4/19/2016,5/1/2016,2,7,13,2538.76
103,991,4,4/12/2016,4/20/2016,5/2/2016,1,2,21,3276.77
104,7,4,4/13/2016,4/21/2016,5/3/2016,2,7,42,2000.99
105,306,4,4/14/2016,4/22/2016,5/4/2016,2,7,48,4352.32
106,422,4,4/15/2016,4/23/2016,5/5/2016,3,9,46,4215.60
107,633,4,4/16/2016,4/24/2016,5/6/2016,1,2,50,1158.46
108,12,4,4/17/2016,4/25/2016,5/7/2016,2,6,41,1899.73
109,1255,4,4/18/2016,4/26/2016,5/8/2016,2,6,50,2318.39
110,677,4,4/19/2016,4/27/2016,5/9/2016,3,9,39,1951.70
111,630,4,4/20/2016,4/28/2016,5/10/2016,2,6,27,2643.22
112,469,4,4/21/2016,4/29/2016,5/11/2016,2,6,30,3254.35
113,1078,4,4/22/2016,4/30/2016,5/12/2016,2,6,16,3698.15
114,1431,4,4/23/2016,5/1/2016,5/13/2016,2,7,17,2224.89
115,1369,4,4/24/2016,5/2/2016,5/14/2016,2,7,24,1229.34
116,471,4,4/25/2016,5/3/2016,5/15/2016,2,7,8,1969.15
117,740,4,4/26/2016,5/4/2016,5/16/2016,2,6,21,805.09
118,577,4,4/27/2016,5/5/2016,5/17/2016,1,2,42,692.25
119,925,4,4/28/2016,5/6/2016,5/18/2016,2,7,22,549.98
120,327,4,4/29/2016,5/7/2016,5/19/2016,2,7,6,1400.86
121,755,4,4/30/2016,5/8/2016,5/20/2016,2,6,2,4442.09
122,786,4,5/1/2016,5/9/2016,5/21/2016,2,6,20,2159.23
123,766,4,5/2/2016,5/10/2016,5/22/2016,2,6,45,2440.89
124,403,4,5/3/2016,5/11/2016,5/23/2016,1,3,30,1231.30
125,685,4,5/4/2016,5/12/2016,5/24/2016,2,6,20,759.70
126,1365,4,5/5/2016,5/13/2016,5/25/2016,2,7,36,1863.54
127,484,4,5/6/2016,5/14/2016,5/26/2016,3,8,50,1280.71
128,86,4,5/7/2016,5/15/2016,5/27/2016,2,6,19,4425.98
129,84,4,5/8/2016,5/16/2016,5/28/2016,2,7,41,1244.72
130,1049,4,5/9/2016,5/17/2016,5/29/2016,2,6,15,4400.57
131,316,4,5/10/2016,5/18/2016,5/30/2016,3,8,27,2041.88
132,46,4,5/11/2016,5/19/2016,5/31/2016,1,3,10,4920.34
133,409,4,5/12/2016,5/20/2016,6/1/2016,2,7,3,2698.24
134,679,4,5/13/2016,5/21/2016,6/2/2016,2,7,19,4358.54
135,1354,4,5/14/2016,5/22/2016,6/3/2016,2,7,1,4051.23
136,1192,4,5/15/2016,5/23/2016,6/4/2016,3,8,14,4392.14
137,370,4,5/16/2016,5/24/2016,6/5/2016,2,7,14,2354.52
138,438,4,5/17/2016,5/25/2016,6/6/2016,2,7,35,1981.21
139,710,4,5/18/2016,5/26/2016,6/7/2016,2,7,15,4234.08
140,1264,4,5/19/2016,5/27/2016,6/8/2016,2,7,28,3334.00
141,557,4,5/20/2016,5/28/2016,6/9/2016,2,7,36,4577.65
142,170,4,5/21/2016,5/29/2016,6/10/2016,1,3,34,4388.51
143,693,4,5/22/2016,5/30/2016,6/11/2016,2,7,5,4936.68
144,1124,4,5/23/2016,5/31/2016,6/12/2016,2,7,45,2286.15
145,366,4,5/24/2016,6/1/2016,6/13/2016,2,6,13,2858.79
146,288,4,5/25/2016,6/2/2016,6/14/2016,1,3,1,4344.95
147,55,4,5/26/2016,6/3/2016,6/15/2016,2,7,13,4500.35
148,714,4,5/27/2016,6/4/2016,6/16/2016,2,6,16,4190.32
149,763,4,5/28/2016,6/5/2016,6/17/2016,2,6,14,2065.02
150,332,4,5/29/2016,6/6/2016,6/18/2016,1,2,2,4175.84
151,926,4,5/30/2016,6/7/2016,6/19/2016,1,2,46,2354.83
152,76,4,5/31/2016,6/8/2016,6/20/2016,2,6,16,720.17
153,498,4,6/1/2016,6/9/2016,6/21/2016,2,6,45,1903.30
154,1286,4,6/2/2016,6/10/2016,6/22/2016,1,2,35,2738.45
155,371,4,6/3/2016,6/11/2016,6/23/2016,2,6,39,3113.48
156,357,4,6/4/2016,6/12/2016,6/24/2016,1,3,41,2112.05
157,43,4,6/5/2016,6/13/2016,6/25/2016,3,8,47,4661.22
158,117,3,6/6/2016,6/14/2016,6/26/2016,3,9,21,3841.83
159,32,4,6/7/2016,6/15/2016,6/27/2016,1,2,49,3619.93
160,205,4,6/8/2016,6/16/2016,6/28/2016,2,7,22,1591.53
161,251,4,6/9/2016,6/17/2016,6/29/2016,2,7,39,2748.45
162,31,4,6/10/2016,6/18/2016,6/30/2016,1,3,40,2036.38
163,1325,4,6/11/2016,6/19/2016,7/1/2016,2,7,48,4109.96
164,610,4,6/12/2016,6/20/2016,7/2/2016,2,7,21,2732.22
165,574,4,6/13/2016,6/21/2016,7/3/2016,1,3,24,4384.37
166,338,4,6/14/2016,6/22/2016,7/4/2016,2,6,36,3664.44
167,1034,4,6/15/2016,6/23/2016,7/5/2016,2,7,48,2473.19
168,1147,4,6/16/2016,6/24/2016,7/6/2016,1,3,3,3597.73
169,99,4,6/17/2016,6/25/2016,7/7/2016,2,7,36,2714.29
170,1200,4,6/18/2016,6/26/2016,7/8/2016,2,7,23,3058.48
171,237,4,6/19/2016,6/27/2016,7/9/2016,1,3,19,1975.45
172,1079,4,6/20/2016,6/28/2016,7/10/2016,2,7,7,1414.32
173,117,4,6/21/2016,6/29/2016,7/11/2016,3,8,4,688.06
174,1361,4,6/22/2016,6/30/2016,7/12/2016,2,7,23,4884.12
175,951,4,6/23/2016,7/1/2016,7/13/2016,2,6,35,782.75
176,643,4,6/24/2016,7/2/2016,7/14/2016,2,7,38,1070.14
177,121,4,6/25/2016,7/3/2016,7/15/2016,1,2,28,1125.47
178,756,4,6/26/2016,7/4/2016,7/16/2016,2,6,40,4279.08
179,616,4,6/27/2016,7/5/2016,7/17/2016,2,6,1,605.88
180,918,4,6/28/2016,7/6/2016,7/18/2016,2,7,26,2470.09
181,459,4,6/29/2016,7/7/2016,7/19/2016,1,3,7,3512.96
182,854,4,6/30/2016,7/8/2016,7/20/2016,2,6,47,4427.93
183,22,4,7/1/2016,7/9/2016,7/21/2016,2,7,50,2904.36
184,134,4,7/2/2016,7/10/2016,7/22/2016,2,7,37,3498.30
185,24,3,7/3/2016,7/11/2016,7/23/2016,1,2,13,2588.10
186,1127,4,7/4/2016,7/12/2016,7/24/2016,2,6,47,4241.43
187,183,4,7/5/2016,7/13/2016,7/25/2016,2,6,40,4821.73
188,390,4,7/6/2016,7/14/2016,7/26/2016,2,6,47,3367.36
189,1288,4,7/7/2016,7/15/2016,7/27/2016,1,2,3,4366.77
190,98,4,7/8/2016,7/16/2016,7/28/2016,2,6,46,4634.63
191,919,4,7/9/2016,7/17/2016,7/29/2016,1,2,46,2311.69
192,728,4,7/10/2016,7/18/2016,7/30/2016,2,7,37,2772.77
193,1366,4,7/11/2016,7/19/2016,7/31/2016,1,3,38,1569.70
194,558,4,7/12/2016,7/20/2016,8/1/2016,2,7,39,4748.95
195,727,4,7/13/2016,7/21/2016,8/2/2016,2,7,47,570.53
196,1247,4,7/14/2016,7/22/2016,8/3/2016,2,6,3,3292.98
197,127,4,7/15/2016,7/23/2016,8/4/2016,2,7,3,2146.26
198,640,4,7/16/2016,7/24/2016,8/5/2016,2,6,8,4686.74
199,760,4,7/17/2016,7/25/2016,8/6/2016,2,7,25,509.71
200,1074,4,7/18/2016,7/26/2016,8/7/2016,2,6,49,4559.36
201,280,4,7/19/2016,7/27/2016,8/8/2016,3,9,19,2397.90
202,600,4,7/20/2016,7/28/2016,8/9/2016,1,2,14,899.80
203,1102,4,7/21/2016,7/29/2016,8/10/2016,3,9,50,3149.28
204,591,4,7/22/2016,7/30/2016,8/11/2016,2,7,31,1203.48
205,635,4,7/23/2016,7/31/2016,8/12/2016,2,6,9,1282.26
206,743,4,7/24/2016,8/1/2016,8/13/2016,3,9,31,2226.82
207,105,4,7/25/2016,8/2/2016,8/14/2016,2,7,13,580.75
208,815,4,7/26/2016,8/3/2016,8/15/2016,2,7,17,2125.55
209,514,4,7/27/2016,8/4/2016,8/16/2016,2,6,35,818.12
210,943,4,7/28/2016,8/5/2016,8/17/2016,2,6,20,2160.59
211,1140,4,7/29/2016,8/6/2016,8/18/2016,2,6,21,4769.26
212,1373,4,7/30/2016,8/7/2016,8/19/2016,2,6,12,2154.86
213,788,4,7/31/2016,8/8/2016,8/20/2016,3,8,25,2898.90
214,363,4,8/1/2016,8/9/2016,8/21/2016,2,6,38,4029.56
215,1420,4,8/2/2016,8/10/2016,8/22/2016,2,7,50,1278.78
216,267,4,8/3/2016,8/11/2016,8/23/2016,1,3,21,4638.30
217,716,4,8/4/2016,8/12/2016,8/24/2016,2,7,3,3335.49
218,1179,4,8/5/2016,8/13/2016,8/25/2016,2,7,40,3800.85
219,1338,4,8/6/2016,8/14/2016,8/26/2016,2,6,30,1279.02
220,1358,4,8/7/2016,8/15/2016,8/27/2016,2,6,5,519.29
221,1218,4,8/8/2016,8/16/2016,8/28/2016,1,2,14,2819.55
222,51,4,8/9/2016,8/17/2016,8/29/2016,2,6,22,2949.76
223,1368,4,8/10/2016,8/18/2016,8/30/2016,2,7,41,4553.51
224,157,4,8/11/2016,8/19/2016,8/31/2016,1,3,27,3061.03
225,307,4,8/12/2016,8/20/2016,9/1/2016,1,3,40,2838.92
226,501,4,8/13/2016,8/21/2016,9/2/2016,1,2,19,3995.74
227,489,4,8/14/2016,8/22/2016,9/3/2016,2,7,11,1103.32
228,615,4,8/15/2016,8/23/2016,9/4/2016,2,7,40,1893.31
229,742,4,8/16/2016,8/24/2016,9/5/2016,2,6,44,3996.85
230,1167,4,8/17/2016,8/25/2016,9/6/2016,2,6,7,3983.59
231,1257,4,8/18/2016,8/26/2016,9/7/2016,2,6,21,840.66
232,1360,4,8/19/2016,8/27/2016,9/8/2016,1,3,37,1443.83
233,737,4,8/20/2016,8/28/2016,9/9/2016,2,6,21,2485.79
234,1435,4,8/21/2016,8/29/2016,9/10/2016,2,6,46,4999.07
235,649,4,8/22/2016,8/30/2016,9/11/2016,2,6,36,3518.61
236,206,4,8/23/2016,8/31/2016,9/12/2016,2,6,21,3483.70
237,1351,4,8/24/2016,9/1/2016,9/13/2016,2,7,11,716.64
238,1350,4,8/25/2016,9/2/2016,9/14/2016,2,6,39,2536.45
239,13,3,8/26/2016,9/3/2016,9/15/2016,3,9,16,4063.69
240,65,4,8/27/2016,9/4/2016,9/16/2016,2,6,24,3521.92
241,1082,4,8/28/2016,9/5/2016,9/17/2016,2,7,29,1353.08
242,1168,4,8/29/2016,9/6/2016,9/18/2016,2,7,5,4813.57
243,802,4,8/30/2016,9/7/2016,9/19/2016,3,8,28,3325.06
244,956,4,8/31/2016,9/8/2016,9/20/2016,2,6,11,2796.24
245,223,4,9/1/2016,9/9/2016,9/21/2016,2,7,35,3522.37
246,17,3,9/2/2016,9/10/2016,9/22/2016,2,6,34,577.26
247,928,4,9/3/2016,9/11/2016,9/23/2016,1,3,9,3843.23
248,1376,4,9/4/2016,9/12/2016,9/24/2016,2,7,36,4588.74
249,145,4,9/5/2016,9/13/2016,9/25/2016,2,6,34,2583.19
250,150,4,9/6/2016,9/14/2016,9/26/2016,2,7,11,2673.39
251,851,4,9/7/2016,9/15/2016,9/27/2016,2,7,11,3249.25
252,66,4,9/8/2016,9/16/2016,9/28/2016,3,8,48,4354.41
253,1267,4,9/9/2016,9/17/2016,9/29/2016,2,6,6,999.24
254,510,4,9/10/2016,9/18/2016,9/30/2016,2,7,38,3081.66
255,801,4,9/11/2016,9/19/2016,10/1/2016,2,7,13,2092.47
256,26,4,9/12/2016,9/20/2016,10/2/2016,2,7,41,1064.60
257,1314,4,9/13/2016,9/21/2016,10/3/2016,1,3,34,706.51
258,107,4,9/14/2016,9/22/2016,10/4/2016,2,7,10,1260.45
259,413,4,9/15/2016,9/23/2016,10/5/2016,2,7,38,4962.07
260,632,4,9/16/2016,9/24/2016,10/6/2016,2,6,33,1333.13
261,1045,4,9/17/2016,9/25/2016,10/7/2016,1,2,14,863.63
262,579,4,9/18/2016,9/26/2016,10/8/2016,3,9,26,516.15
263,1322,4,9/19/2016,9/27/2016,10/9/2016,2,6,11,4313.79
264,5,3,9/20/2016,9/28/2016,10/10/2016,1,3,41,1342.44
265,682,4,9/21/2016,9/29/2016,10/11/2016,2,7,17,4037.57
266,933,4,9/22/2016,9/30/2016,10/12/2016,2,7,3,3367.32
267,282,4,9/23/2016,10/1/2016,10/13/2016,1,3,14,4144.86
268,540,4,9/24/2016,10/2/2016,10/14/2016,1,3,7,4351.50
269,764,4,9/25/2016,10/3/2016,10/15/2016,2,6,45,1058.54
270,879,4,9/26/2016,10/4/2016,10/16/2016,2,7,13,3720.34
271,350,4,9/27/2016,10/5/2016,10/17/2016,2,7,36,3492.69
272,497,4,9/28/2016,10/6/2016,10/18/2016,2,7,33,4384.63
273,1340,4,9/29/2016,10/7/2016,10/19/2016,2,7,2,4377.64
274,411,4,9/30/2016,10/8/2016,10/20/2016,2,7,50,1074.94
275,1341,4,10/1/2016,10/9/2016,10/21/2016,2,7,17,1960.20
276,1227,4,10/2/2016,10/10/2016,10/22/2016,2,6,8,1242.51
277,546,4,10/3/2016,10/11/2016,10/23/2016,2,7,23,3679.05
278,1301,4,10/4/2016,10/12/2016,10/24/2016,1,3,29,1817.05
279,378,4,10/5/2016,10/13/2016,10/25/2016,2,6,25,1144.02
280,638,4,10/6/2016,10/14/2016,10/26/2016,2,7,33,1528.20
281,800,4,10/7/2016,10/15/2016,10/27/2016,2,7,44,1725.62
282,159,4,10/8/2016,10/16/2016,10/28/2016,3,9,10,3068.67
283,181,4,10/9/2016,10/17/2016,10/29/2016,1,2,39,741.75
284,1356,4,10/10/2016,10/18/2016,10/30/2016,2,7,19,2545.62
285,319,4,10/11/2016,10/19/2016,10/31/2016,1,2,47,2637.96
286,59,4,10/12/2016,10/20/2016,11/1/2016,2,6,26,4743.54
287,133,4,10/13/2016,10/21/2016,11/2/2016,2,6,9,2084.87
288,780,4,10/14/2016,10/22/2016,11/3/2016,2,6,17,4881.12
289,849,4,10/15/2016,10/23/2016,11/4/2016,2,6,40,3140.05
290,202,4,10/16/2016,10/24/2016,11/5/2016,2,6,26,4933.70
291,158,4,10/17/2016,10/25/2016,11/6/2016,2,6,1,4970.76
292,360,4,10/18/2016,10/26/2016,11/7/2016,3,9,20,2973.84
293,573,4,10/19/2016,10/27/2016,11/8/2016,2,7,3,4791.48
294,732,4,10/20/2016,10/28/2016,11/9/2016,2,7,46,3512.25
295,1130,4,10/21/2016,10/29/2016,11/10/2016,2,7,32,1312.94
296,1245,4,10/22/2016,10/30/2016,11/11/2016,2,6,9,1307.74
297,1425,4,10/23/2016,10/31/2016,11/12/2016,2,7,21,1380.09
298,885,4,10/24/2016,11/1/2016,11/13/2016,3,9,12,1780.94
299,281,4,10/25/2016,11/2/2016,11/14/2016,2,6,15,4360.02
300,1205,4,10/26/2016,11/3/2016,11/15/2016,2,6,44,2328.11
301,17,4,10/27/2016,11/4/2016,11/16/2016,2,6,43,1782.94
302,1375,4,10/28/2016,11/5/2016,11/17/2016,2,6,5,4125.72
303,36,4,10/29/2016,11/6/2016,11/18/2016,2,7,40,3316.47
304,230,4,10/30/2016,11/7/2016,11/19/2016,2,6,2,1992.95
305,705,4,10/31/2016,11/8/2016,11/20/2016,2,7,41,4000.59
306,424,4,11/1/2016,11/9/2016,11/21/2016,2,7,33,2819.65
307,695,4,11/2/2016,11/10/2016,11/22/2016,2,6,31,4562.56
308,156,4,11/3/2016,11/11/2016,11/23/2016,2,6,29,1814.01
309,211,4,11/4/2016,11/12/2016,11/24/2016,2,6,41,4569.61
310,627,4,11/5/2016,11/13/2016,11/25/2016,1,2,28,3278.55
311,1400,4,11/6/2016,11/14/2016,11/26/2016,2,6,1,4883.32
312,299,4,11/7/2016,11/15/2016,11/27/2016,2,6,49,2401.25
313,565,4,11/8/2016,11/16/2016,11/28/2016,3,9,21,3743.34
314,1019,4,11/9/2016,11/17/2016,11/29/2016,2,7,39,2939.86
315,1263,4,11/10/2016,11/18/2016,11/30/2016,2,6,27,601.94
316,670,4,11/11/2016,11/19/2016,12/1/2016,2,7,20,2939.69
317,795,4,11/12/2016,11/20/2016,12/2/2016,2,7,35,4929.70
318,1141,4,11/13/2016,11/21/2016,12/3/2016,2,7,38,3480.27
319,941,4,11/14/2016,11/22/2016,12/4/2016,2,6,42,1438.99
320,1428,4,11/15/2016,11/23/2016,12/5/2016,1,2,9,4960.81
321,568,4,11/16/2016,11/24/2016,12/6/2016,2,6,10,4930.98
322,924,4,11/17/2016,11/25/2016,12/7/2016,2,6,32,3045.69
323,1243,4,11/18/2016,11/26/2016,12/8/2016,2,6,12,2925.09
324,480,4,11/19/2016,11/27/2016,12/9/2016,2,6,35,4704.44
325,848,4,11/20/2016,11/28/2016,12/10/2016,2,6,39,4197.86
326,1337,4,11/21/2016,11/29/2016,12/11/2016,3,9,38,4786.93
327,83,4,11/22/2016,11/30/2016,12/12/2016,2,6,11,2158.21
328,528,4,11/23/2016,12/1/2016,12/13/2016,2,6,17,1818.63
329,274,4,11/24/2016,12/2/2016,12/14/2016,2,6,12,2488.61
330,622,4,11/25/2016,12/3/2016,12/15/2016,2,6,39,722.36
331,642,4,11/26/2016,12/4/2016,12/16/2016,2,6,11,2863.78
332,659,4,11/27/2016,12/5/2016,12/17/2016,2,7,6,1462.92
333,779,4,11/28/2016,12/6/2016,12/18/2016,2,6,30,3808.21
334,1112,4,11/29/2016,12/7/2016,12/19/2016,2,7,19,950.96
335,1193,4,11/30/2016,12/8/2016,12/20/2016,2,6,42,2176.99
336,1030,4,12/1/2016,12/9/2016,12/21/2016,2,7,44,3981.17
337,1252,4,12/2/2016,12/10/2016,12/22/2016,2,7,16,1364.23
338,1333,4,12/3/2016,12/11/2016,12/23/2016,1,3,15,1382.56
339,1110,4,12/4/2016,12/12/2016,12/24/2016,2,7,7,2698.92
340,963,4,12/5/2016,12/13/2016,12/25/2016,2,7,47,1915.50
341,1357,4,12/6/2016,12/14/2016,12/26/2016,1,3,36,3222.56
342,806,4,12/7/2016,12/15/2016,12/27/2016,2,7,45,3741.20
343,961,4,12/8/2016,12/16/2016,12/28/2016,2,7,7,1696.81
344,750,4,12/9/2016,12/17/2016,12/29/2016,2,6,17,1024.86
345,1299,4,12/10/2016,12/18/2016,12/30/2016,2,6,2,3877.36
346,584,4,12/11/2016,12/19/2016,12/31/2016,3,9,49,2653.94
347,1004,4,12/12/2016,12/20/2016,1/1/2017,2,6,21,824.77
348,907,4,12/13/2016,12/21/2016,1/2/2017,3,9,44,3145.28
349,30,3,12/14/2016,12/22/2016,1/3/2017,1,3,18,3938.90
350,31,3,12/15/2016,12/23/2016,1/4/2017,1,3,36,2058.65
351,1307,4,12/16/2016,12/24/2016,1/5/2017,1,2,28,1343.32
352,16,4,12/17/2016,12/25/2016,1/6/2017,2,7,40,2209.54
353,1387,4,12/18/2016,12/26/2016,1/7/2017,2,7,32,4736.10
354,551,4,12/19/2016,12/27/2016,1/8/2017,3,8,41,2765.87
355,1011,4,12/20/2016,12/28/2016,1/9/2017,3,8,20,4071.43
356,1189,4,12/21/2016,12/29/2016,1/10/2017,2,6,11,2297.28
357,14,3,12/22/2016,12/30/2016,1/11/2017,3,8,27,3879.96
358,1042,4,12/23/2016,12/31/2016,1/12/2017,2,7,32,1277.31
359,441,4,12/24/2016,1/1/2017,1/13/2017,2,7,33,990.09
360,1300,4,12/25/2016,1/2/2017,1/14/2017,2,6,25,4998.55
361,994,4,12/26/2016,1/3/2017,1/15/2017,2,6,48,1485.33
362,187,4,12/27/2016,1/4/2017,1/16/2017,1,2,6,551.17
363,834,4,12/28/2016,1/5/2017,1/17/2017,3,8,38,4190.65
364,373,4,12/29/2016,1/6/2017,1/18/2017,2,6,3,2380.10
365,981,4,12/30/2016,1/7/2017,1/19/2017,2,6,9,1296.08
366,1054,4,12/31/2016,1/8/2017,1/20/2017,3,9,44,3823.19
367,527,4,1/1/2017,1/9/2017,1/21/2017,2,7,41,1004.52
368,995,4,1/2/2017,1/10/2017,1/22/2017,2,7,15,2821.31
369,1285,4,1/3/2017,1/11/2017,1/23/2017,1,3,6,4331.31
370,758,4,1/4/2017,1/12/2017,1/24/2017,2,7,2,1407.56
371,891,4,1/5/2017,1/13/2017,1/25/2017,2,7,4,2963.90
372,132,4,1/6/2017,1/14/2017,1/26/2017,2,6,45,4498.59
373,337,4,1/7/2017,1/15/2017,1/27/2017,2,7,5,1657.99
374,1313,4,1/8/2017,1/16/2017,1/28/2017,1,2,24,2627.49
375,536,4,1/9/2017,1/17/2017,1/29/2017,2,7,16,1231.37
376,825,4,1/10/2017,1/18/2017,1/30/2017,2,6,25,2738.57
377,1355,4,1/11/2017,1/19/2017,1/31/2017,2,6,6,3435.43
378,475,4,1/12/2017,1/20/2017,2/1/2017,3,9,34,3722.78
379,954,4,1/13/2017,1/21/2017,2/2/2017,2,7,37,1647.23
380,1156,4,1/14/2017,1/22/2017,2/3/2017,2,7,2,1064.77
381,1297,4,1/15/2017,1/23/2017,2/4/2017,2,7,23,2041.19
382,199,4,1/16/2017,1/24/2017,2/5/2017,2,6,40,3554.31
383,331,4,1/17/2017,1/25/2017,2/6/2017,2,7,25,3112.28
384,410,4,1/18/2017,1/26/2017,2/7/2017,2,7,35,575.94
385,1274,4,1/19/2017,1/27/2017,2/8/2017,2,7,13,3023.46
386,1362,4,1/20/2017,1/28/2017,2/9/2017,2,6,20,4823.66
387,451,4,1/21/2017,1/29/2017,2/10/2017,3,8,29,2362.52
388,1080,4,1/22/2017,1/30/2017,2/11/2017,3,8,8,2378.44
389,53,4,1/23/2017,1/31/2017,2/12/2017,1,3,45,962.14
390,576,4,1/24/2017,2/1/2017,2/13/2017,3,9,39,4673.22
391,61,3,1/25/2017,2/2/2017,2/14/2017,3,9,21,3335.81
392,176,4,1/26/2017,2/3/2017,2/15/2017,1,3,14,2610.91
393,368,4,1/27/2017,2/4/2017,2/16/2017,2,6,16,3599.81
394,522,4,1/28/2017,2/5/2017,2/17/2017,1,3,24,1877.01
395,144,4,1/29/2017,2/6/2017,2/18/2017,2,6,26,1425.27
396,542,4,1/30/2017,2/7/2017,2/19/2017,2,6,9,2616.09
397,1437,4,1/31/2017,2/8/2017,2/20/2017,2,7,19,4855.83
398,447,4,2/1/2017,2/9/2017,2/21/2017,1,2,45,3301.36
399,1001,4,2/2/2017,2/10/2017,2/22/2017,2,7,36,2270.73
400,1295,4,2/3/2017,2/11/2017,2/23/2017,2,6,49,4985.37
401,103,4,2/4/2017,2/12/2017,2/24/2017,2,6,14,3161.83
402,1335,4,2/5/2017,2/13/2017,2/25/2017,2,6,25,3412.76
403,578,4,2/6/2017,2/14/2017,2/26/2017,1,3,39,2551.42
404,396,4,2/7/2017,2/15/2017,2/27/2017,2,7,18,4030.56
405,603,4,2/8/2017,2/16/2017,2/28/2017,2,6,2,2000.35
406,1380,4,2/9/2017,2/17/2017,3/1/2017,2,7,9,1606.93
407,77,3,2/10/2017,2/18/2017,3/2/2017,3,8,23,1147.48
408,1071,4,2/11/2017,2/19/2017,3/3/2017,1,2,32,4279.68
409,416,4,2/12/2017,2/20/2017,3/4/2017,2,7,34,1342.98
410,1151,4,2/13/2017,2/21/2017,3/5/2017,2,6,4,2952.27
411,261,4,2/14/2017,2/22/2017,3/6/2017,1,3,11,3606.66
412,1202,4,2/15/2017,2/23/2017,3/7/2017,1,3,45,2475.94
413,717,4,2/16/2017,2/24/2017,3/8/2017,2,6,3,938.38
414,917,4,2/17/2017,2/25/2017,3/9/2017,2,7,34,1000.66
415,1265,4,2/18/2017,2/26/2017,3/10/2017,2,7,9,4200.03
416,1377,4,2/19/2017,2/27/2017,3/11/2017,2,7,24,981.21
417,359,4,2/20/2017,2/28/2017,3/12/2017,1,3,50,4748.59
418,88,4,2/21/2017,3/1/2017,3/13/2017,2,6,31,4546.81
419,14,4,2/22/2017,3/2/2017,3/14/2017,3,8,49,4734.22
420,72,4,2/23/2017,3/3/2017,3/15/2017,1,3,10,2121.75
421,240,4,2/24/2017,3/4/2017,3/16/2017,1,3,21,3983.03
422,398,4,2/25/2017,3/5/2017,3/17/2017,2,6,20,2078.71
423,1397,4,2/26/2017,3/6/2017,3/18/2017,2,7,3,4231.94
424,67,4,2/27/2017,3/7/2017,3/19/2017,1,3,16,3062.79
425,843,4,2/28/2017,3/8/2017,3/20/2017,2,6,28,2275.66
426,944,4,3/1/2017,3/9/2017,3/21/2017,2,6,40,3052.01
427,434,4,3/2/2017,3/10/2017,3/22/2017,1,2,1,1536.34
428,1039,4,3/3/2017,3/11/2017,3/23/2017,2,6,5,3098.17
429,153,4,3/4/2017,3/12/2017,3/24/2017,3,8,23,4263.51
430,272,4,3/5/2017,3/13/2017,3/25/2017,2,6,1,2515.72
431,1217,4,3/6/2017,3/14/2017,3/26/2017,2,6,35,4504.96
432,169,4,3/7/2017,3/15/2017,3/27/2017,1,2,6,4736.72
433,1062,4,3/8/2017,3/16/2017,3/28/2017,2,6,27,947.34
434,726,4,3/9/2017,3/17/2017,3/29/2017,2,6,17,2448.84
435,77,4,3/10/2017,3/18/2017,3/30/2017,3,9,29,3583.36
436,791,4,3/11/2017,3/19/2017,3/31/2017,2,7,43,3212.18
437,1085,4,3/12/2017,3/20/2017,4/1/2017,2,7,42,2962.12
438,314,4,3/13/2017,3/21/2017,4/2/2017,3,8,8,3325.44
439,149,4,3/14/2017,3/22/2017,4/3/2017,2,6,3,906.54
440,882,4,3/15/2017,3/23/2017,4/4/2017,2,7,25,3046.73
441,704,4,3/16/2017,3/24/2017,4/5/2017,1,2,46,3428.16
442,667,4,3/17/2017,3/25/2017,4/6/2017,2,7,22,4211.91
443,1371,4,3/18/2017,3/26/2017,4/7/2017,2,6,45,4232.83
444,30,4,3/19/2017,3/27/2017,4/8/2017,1,2,47,582.33
445,362,4,3/20/2017,3/28/2017,4/9/2017,2,6,8,2694.91
446,399,4,3/21/2017,3/29/2017,4/10/2017,2,7,17,4868.63
447,808,4,3/22/2017,3/30/2017,4/11/2017,3,8,12,4282.18
448,101,4,3/23/2017,3/31/2017,4/12/2017,2,6,21,761.32
449,492,4,3/24/2017,4/1/2017,4/13/2017,2,7,39,2560.71
450,575,4,3/25/2017,4/2/2017,4/14/2017,2,7,11,792.69
451,1146,4,3/26/2017,4/3/2017,4/15/2017,2,7,16,1855.75
452,997,4,3/27/2017,4/4/2017,4/16/2017,2,7,25,1861.83
453,1028,4,3/28/2017,4/5/2017,4/17/2017,2,7,9,4838.08
454,988,4,3/29/2017,4/6/2017,4/18/2017,2,6,40,966.18
455,1055,4,3/30/2017,4/7/2017,4/19/2017,2,7,38,1518.52
456,1061,4,3/31/2017,4/8/2017,4/20/2017,3,9,8,3330.69
457,1349,4,4/1/2017,4/9/2017,4/21/2017,1,3,13,3521.96
458,197,4,4/2/2017,4/10/2017,4/22/2017,2,6,23,832.69
459,874,4,4/3/2017,4/11/2017,4/23/2017,2,6,12,1996.56
460,691,4,4/4/2017,4/12/2017,4/24/2017,3,8,6,1803.45
461,853,4,4/5/2017,4/13/2017,4/25/2017,2,7,38,2234.09
462,852,4,4/6/2017,4/14/2017,4/26/2017,2,6,33,1407.80
463,964,4,4/7/2017,4/15/2017,4/27/2017,3,8,32,1212.28
464,74,4,4/8/2017,4/16/2017,4/28/2017,2,7,3,3968.27
465,1198,4,4/9/2017,4/17/2017,4/29/2017,2,6,32,4736.10
466,1440,4,4/10/2017,4/18/2017,4/30/2017,2,7,23,4707.49
467,555,4,4/11/2017,4/19/2017,5/1/2017,3,8,9,4679.47
468,1261,4,4/12/2017,4/20/2017,5/2/2017,1,3,19,4603.25
469,1089,4,4/13/2017,4/21/2017,5/3/2017,2,7,38,1404.62
470,641,4,4/14/2017,4/22/2017,5/4/2017,1,3,9,2650.04
471,697,4,4/15/2017,4/23/2017,5/5/2017,1,3,41,2902.68
472,468,4,4/16/2017,4/24/2017,5/6/2017,2,7,14,2920.17
473,549,4,4/17/2017,4/25/2017,5/7/2017,2,7,25,3824.11
474,553,4,4/18/2017,4/26/2017,5/8/2017,1,3,28,1925.99
475,241,4,4/19/2017,4/27/2017,5/9/2017,2,7,1,2746.35
476,559,4,4/20/2017,4/28/2017,5/10/2017,2,6,46,1440.32
477,449,4,4/21/2017,4/29/2017,5/11/2017,1,2,38,3914.57
478,304,4,4/22/2017,4/30/2017,5/12/2017,2,7,23,2534.97
479,984,4,4/23/2017,5/1/2017,5/13/2017,2,6,39,3226.19
480,686,4,4/24/2017,5/2/2017,5/14/2017,1,3,5,1077.25
481,481,4,4/25/2017,5/3/2017,5/15/2017,3,9,18,1514.61
482,513,4,4/26/2017,5/4/2017,5/16/2017,2,6,15,4090.02
483,703,4,4/27/2017,5/5/2017,5/17/2017,1,2,13,4193.92
484,421,4,4/28/2017,5/6/2017,5/18/2017,2,7,20,2356.52
485,465,4,4/29/2017,5/7/2017,5/19/2017,2,7,20,3841.97
486,709,4,4/30/2017,5/8/2017,5/20/2017,2,7,33,999.36
487,827,4,5/1/2017,5/9/2017,5/21/2017,2,6,31,1817.21
488,921,4,5/2/2017,5/10/2017,5/22/2017,2,6,33,4187.97
489,899,4,5/3/2017,5/11/2017,5/23/2017,3,8,8,1951.48
490,876,4,5/4/2017,5/12/2017,5/24/2017,2,6,47,2408.19
491,1048,4,5/5/2017,5/13/2017,5/25/2017,1,2,33,2663.71
492,191,4,5/6/2017,5/14/2017,5/26/2017,1,2,11,2003.73
493,796,4,5/7/2017,5/15/2017,5/27/2017,1,3,4,1859.60
494,875,4,5/8/2017,5/16/2017,5/28/2017,2,6,36,3849.79
495,712,4,5/9/2017,5/17/2017,5/29/2017,1,3,50,3556.64
496,193,4,5/10/2017,5/18/2017,5/30/2017,2,6,5,3977.96
497,785,4,5/11/2017,5/19/2017,5/31/2017,2,6,8,4851.62
498,1331,4,5/12/2017,5/20/2017,6/1/2017,2,6,19,1787.80
499,260,4,5/13/2017,5/21/2017,6/2/2017,1,2,41,2948.51
500,148,4,5/14/2017,5/22/2017,6/3/2017,2,6,13,3818.39
501,977,4,5/15/2017,5/23/2017,6/4/2017,2,7,46,2966.26
502,401,4,5/16/2017,5/24/2017,6/5/2017,3,9,21,565.13
503,932,4,5/17/2017,5/25/2017,6/6/2017,2,6,7,532.83
504,1381,4,5/18/2017,5/26/2017,6/7/2017,1,2,28,2427.47
505,721,4,5/19/2017,5/27/2017,6/8/2017,2,6,31,1678.11
506,831,4,5/20/2017,5/28/2017,6/9/2017,2,6,9,2844.70
507,1378,4,5/21/2017,5/29/2017,6/10/2017,1,3,31,2330.32
508,1359,4,5/22/2017,5/30/2017,6/11/2017,2,6,3,1147.86
509,235,4,5/23/2017,5/31/2017,6/12/2017,2,7,30,3372.18
510,586,4,5/24/2017,6/1/2017,6/13/2017,2,7,15,3690.92
511,377,4,5/25/2017,6/2/2017,6/14/2017,2,7,44,1687.93
512,8,4,5/26/2017,6/3/2017,6/15/2017,2,7,15,1673.82
513,155,4,5/27/2017,6/4/2017,6/16/2017,2,6,27,3608.45
514,927,4,5/28/2017,6/5/2017,6/17/2017,2,7,49,1991.64
515,986,4,5/29/2017,6/6/2017,6/18/2017,2,6,23,2334.08
516,111,4,5/30/2017,6/7/2017,6/19/2017,2,6,31,1910.33
517,613,4,5/31/2017,6/8/2017,6/20/2017,2,6,5,4940.12
518,1374,4,6/1/2017,6/9/2017,6/21/2017,1,2,44,1772.66
519,54,4,6/2/2017,6/10/2017,6/22/2017,2,7,8,4034.52
520,639,4,6/3/2017,6/11/2017,6/23/2017,2,7,29,1124.63
521,664,4,6/4/2017,6/12/2017,6/24/2017,2,6,14,1715.69
522,724,4,6/5/2017,6/13/2017,6/25/2017,2,7,9,2653.50
523,1056,4,6/6/2017,6/14/2017,6/26/2017,2,6,47,4434.77
524,569,4,6/7/2017,6/15/2017,6/27/2017,1,2,10,2787.39
525,1315,4,6/8/2017,6/16/2017,6/28/2017,1,3,46,4166.44
526,1096,4,6/9/2017,6/17/2017,6/29/2017,2,6,42,4445.42
527,506,4,6/10/2017,6/18/2017,6/30/2017,1,2,43,1034.29
528,676,4,6/11/2017,6/19/2017,7/1/2017,2,7,39,3943.59
529,753,4,6/12/2017,6/20/2017,7/2/2017,2,7,17,4189.82
530,773,4,6/13/2017,6/21/2017,7/3/2017,2,6,14,4188.93
531,116,4,6/14/2017,6/22/2017,7/4/2017,3,8,35,2515.46
532,817,4,6/15/2017,6/23/2017,7/5/2017,2,7,20,3966.72
533,1334,4,6/16/2017,6/24/2017,7/6/2017,2,6,8,3439.03
534,1406,4,6/17/2017,6/25/2017,7/7/2017,2,7,6,3480.15
535,835,4,6/18/2017,6/26/2017,7/8/2017,3,9,27,4827.08
536,759,4,6/19/2017,6/27/2017,7/9/2017,1,3,9,3972.45
537,1353,4,6/20/2017,6/28/2017,7/10/2017,1,2,34,4543.50
538,341,4,6/21/2017,6/29/2017,7/11/2017,2,6,23,2760.22
539,1144,4,6/22/2017,6/30/2017,7/12/2017,2,7,30,2199.23
540,1429,4,6/23/2017,7/1/2017,7/13/2017,1,3,23,4760.78
541,1228,4,6/24/2017,7/2/2017,7/14/2017,1,3,10,2702.90
542,313,4,6/25/2017,7/3/2017,7/15/2017,2,7,15,1161.32
543,62,4,6/26/2017,7/4/2017,7/16/2017,2,6,15,2384.27
544,321,4,6/27/2017,7/5/2017,7/17/2017,2,7,40,1021.02
545,1108,4,6/28/2017,7/6/2017,7/18/2017,3,9,48,1082.32
546,470,4,6/29/2017,7/7/2017,7/19/2017,2,7,50,1085.11
547,20,4,6/30/2017,7/8/2017,7/20/2017,3,8,22,4826.34
548,739,4,7/1/2017,7/9/2017,7/21/2017,2,7,15,4589.94
549,64,3,7/2/2017,7/10/2017,7/22/2017,3,9,8,4907.55
550,892,4,7/3/2017,7/11/2017,7/23/2017,2,7,41,2900.69
551,1169,4,7/4/2017,7/12/2017,7/24/2017,2,6,37,4126.55
552,1282,4,7/5/2017,7/13/2017,7/25/2017,2,7,12,1526.19
553,913,4,7/6/2017,7/14/2017,7/26/2017,3,9,5,4329.33
554,104,4,7/7/2017,7/15/2017,7/27/2017,1,3,13,2973.64
555,212,4,7/8/2017,7/16/2017,7/28/2017,2,7,48,4188.14
556,61,4,7/9/2017,7/17/2017,7/29/2017,3,9,32,2994.65
557,1248,4,7/10/2017,7/18/2017,7/30/2017,2,6,27,615.92
558,1443,4,7/11/2017,7/19/2017,7/31/2017,2,7,16,4332.54
559,959,4,7/12/2017,7/20/2017,8/1/2017,1,2,42,3150.75
560,1405,4,7/13/2017,7/21/2017,8/2/2017,2,6,22,4610.49
561,90,4,7/14/2017,7/22/2017,8/3/2017,2,6,8,4804.95
562,942,4,7/15/2017,7/23/2017,8/4/2017,2,7,31,819.58
563,365,4,7/16/2017,7/24/2017,8/5/2017,2,6,10,4752.75
564,1058,4,7/17/2017,7/25/2017,8/6/2017,2,7,19,961.27
565,894,4,7/18/2017,7/26/2017,8/7/2017,2,7,49,4902.74
566,298,4,7/19/2017,7/27/2017,8/8/2017,1,3,21,3885.42
567,1430,4,7/20/2017,7/28/2017,8/9/2017,1,2,15,3473.30
568,1275,4,7/21/2017,7/29/2017,8/10/2017,1,3,23,2564.00
569,707,4,7/22/2017,7/30/2017,8/11/2017,2,6,5,4789.57
570,989,4,7/23/2017,7/31/2017,8/12/2017,2,6,28,3689.02
571,5,4,7/24/2017,8/1/2017,8/13/2017,1,2,34,860.13
572,178,4,7/25/2017,8/2/2017,8/14/2017,2,6,49,3769.62
573,423,4,7/26/2017,8/3/2017,8/15/2017,2,6,13,4653.41
574,833,4,7/27/2017,8/4/2017,8/16/2017,2,7,38,1827.66
575,33,4,7/28/2017,8/5/2017,8/17/2017,1,3,45,511.45
576,1272,4,7/29/2017,8/6/2017,8/18/2017,1,3,11,1507.22
577,445,4,7/30/2017,8/7/2017,8/19/2017,2,6,13,2175.31
578,819,4,7/31/2017,8/8/2017,8/20/2017,2,7,36,1424.95
579,160,4,8/1/2017,8/9/2017,8/21/2017,3,8,43,1918.24
580,581,4,8/2/2017,8/10/2017,8/22/2017,1,3,30,3569.25
581,688,4,8/3/2017,8/11/2017,8/23/2017,1,3,42,2932.26
582,32,3,8/4/2017,8/12/2017,8/24/2017,1,2,41,3981.85
583,792,4,8/5/2017,8/13/2017,8/25/2017,2,7,9,4546.18
584,1209,4,8/6/2017,8/14/2017,8/26/2017,2,7,43,1200.14
585,1219,4,8/7/2017,8/15/2017,8/27/2017,2,7,24,3321.40
586,1306,4,8/8/2017,8/16/2017,8/28/2017,2,6,34,3700.01
587,487,4,8/9/2017,8/17/2017,8/29/2017,1,2,28,2894.68
588,102,4,8/10/2017,8/18/2017,8/30/2017,2,7,38,4618.15
589,719,4,8/11/2017,8/19/2017,8/31/2017,2,7,45,1403.33
590,990,4,8/12/2017,8/20/2017,9/1/2017,2,7,1,3880.57
591,1211,4,8/13/2017,8/21/2017,9/2/2017,2,7,6,755.38
592,1232,4,8/14/2017,8/22/2017,9/3/2017,2,7,23,4159.74
593,50,4,8/15/2017,8/23/2017,9/4/2017,3,8,48,3226.62
594,1318,4,8/16/2017,8/24/2017,9/5/2017,3,8,38,2105.94
595,538,4,8/17/2017,8/25/2017,9/6/2017,1,2,46,4587.50
596,952,4,8/18/2017,8/26/2017,9/7/2017,1,3,20,3031.09
597,1121,4,8/19/2017,8/27/2017,9/8/2017,2,6,6,4242.39
598,40,3,8/20/2017,8/28/2017,9/9/2017,1,3,43,4798.60
599,1,4,8/21/2017,8/29/2017,9/10/2017,2,6,41,1851.48
600,624,4,8/22/2017,8/30/2017,9/11/2017,2,7,22,1678.90
601,683,4,8/23/2017,8/31/2017,9/12/2017,2,6,44,1055.00
602,823,4,8/24/2017,9/1/2017,9/13/2017,2,6,29,1100.21
603,1032,4,8/25/2017,9/2/2017,9/14/2017,2,7,3,1033.06
604,96,4,8/26/2017,9/3/2017,9/15/2017,2,7,49,3099.68
605,1208,4,8/27/2017,9/4/2017,9/16/2017,2,6,23,3686.47
606,18,4,8/28/2017,9/5/2017,9/17/2017,2,7,5,1689.27
607,309,4,8/29/2017,9/6/2017,9/18/2017,2,6,6,2968.75
608,1103,4,8/30/2017,9/7/2017,9/19/2017,1,3,32,4947.85
609,896,4,8/31/2017,9/8/2017,9/20/2017,2,7,2,1643.93
610,711,4,9/1/2017,9/9/2017,9/21/2017,2,6,44,1907.28
611,1073,4,9/2/2017,9/10/2017,9/22/2017,2,7,20,4649.37
612,634,4,9/3/2017,9/11/2017,9/23/2017,2,7,17,3563.59
613,1159,4,9/4/2017,9/12/2017,9/24/2017,2,7,26,3434.18
614,654,4,9/5/2017,9/13/2017,9/25/2017,1,2,15,2008.45
615,560,4,9/6/2017,9/14/2017,9/26/2017,3,9,34,902.09
616,1444,4,9/7/2017,9/15/2017,9/27/2017,2,6,33,761.16
617,118,4,9/8/2017,9/16/2017,9/28/2017,2,7,21,3001.71
618,131,4,9/9/2017,9/17/2017,9/29/2017,2,6,19,926.07
619,454,4,9/10/2017,9/18/2017,9/30/2017,2,7,40,703.05
620,466,4,9/11/2017,9/19/2017,10/1/2017,2,6,10,3750.66
621,1157,4,9/12/2017,9/20/2017,10/2/2017,2,6,8,2572.53
622,1398,4,9/13/2017,9/21/2017,10/3/2017,2,7,21,3941.24
623,678,4,9/14/2017,9/22/2017,10/4/2017,2,6,47,940.63
624,814,4,9/15/2017,9/23/2017,10/5/2017,2,6,2,4285.39
625,1163,4,9/16/2017,9/24/2017,10/6/2017,1,2,47,4925.49
626,130,4,9/17/2017,9/25/2017,10/7/2017,2,7,7,2564.01
627,1119,4,9/18/2017,9/26/2017,10/8/2017,2,6,13,913.96
628,561,4,9/19/2017,9/27/2017,10/9/2017,1,3,42,4474.91
629,973,4,9/20/2017,9/28/2017,10/10/2017,1,2,29,1749.75
630,1404,4,9/21/2017,9/29/2017,10/11/2017,2,6,47,4475.56
631,855,4,9/22/2017,9/30/2017,10/12/2017,1,3,45,868.89
632,163,4,9/23/2017,10/1/2017,10/13/2017,2,7,6,3994.91
633,1040,4,9/24/2017,10/2/2017,10/14/2017,3,8,4,4075.65
634,27,4,9/25/2017,10/3/2017,10/15/2017,2,6,21,2421.07
635,520,4,9/26/2017,10/4/2017,10/16/2017,2,6,25,1905.11
636,532,4,9/27/2017,10/5/2017,10/17/2017,1,2,46,1822.98
637,512,4,9/28/2017,10/6/2017,10/18/2017,2,6,43,3672.02
638,1302,4,9/29/2017,10/7/2017,10/19/2017,2,7,41,2496.89
639,550,4,9/30/2017,10/8/2017,10/20/2017,2,6,16,4435.43
640,1093,4,10/1/2017,10/9/2017,10/21/2017,2,6,32,4755.12
641,673,4,10/2/2017,10/10/2017,10/22/2017,1,3,14,4579.79
642,847,4,10/3/2017,10/11/2017,10/23/2017,2,7,22,1151.47
643,901,4,10/4/2017,10/12/2017,10/24/2017,1,3,37,2020.19
644,439,4,10/5/2017,10/13/2017,10/25/2017,2,6,43,2969.15
645,1199,4,10/6/2017,10/14/2017,10/26/2017,2,6,12,4590.21
646,975,4,10/7/2017,10/15/2017,10/27/2017,1,2,18,2310.15
647,283,4,10/8/2017,10/16/2017,10/28/2017,2,7,23,2785.23
648,684,4,10/9/2017,10/17/2017,10/29/2017,2,6,4,1460.15
649,1153,4,10/10/2017,10/18/2017,10/30/2017,1,3,18,1658.67
650,729,4,10/11/2017,10/19/2017,10/31/2017,1,2,31,1399.22
651,190,4,10/12/2017,10/20/2017,11/1/2017,2,7,40,2368.96
652,985,4,10/13/2017,10/21/2017,11/2/2017,3,9,22,3596.58
653,1249,4,10/14/2017,10/22/2017,11/3/2017,1,2,14,1280.45
654,1129,4,10/15/2017,10/23/2017,11/4/2017,2,7,32,580.73
655,347,4,10/16/2017,10/24/2017,11/5/2017,1,3,3,1193.61
656,949,4,10/17/2017,10/25/2017,11/6/2017,2,7,19,601.96
657,349,4,10/18/2017,10/26/2017,11/7/2017,1,2,33,3279.07
658,1051,4,10/19/2017,10/27/2017,11/8/2017,2,7,6,4014.06
659,1391,4,10/20/2017,10/28/2017,11/9/2017,2,7,25,3884.93
660,383,4,10/21/2017,10/29/2017,11/10/2017,2,7,41,4579.59
661,626,4,10/22/2017,10/30/2017,11/11/2017,2,6,35,3793.46
662,1125,4,10/23/2017,10/31/2017,11/12/2017,1,3,43,2496.80
663,344,4,10/24/2017,11/1/2017,11/13/2017,1,3,11,4082.11
664,681,4,10/25/2017,11/2/2017,11/14/2017,2,7,19,856.75
665,29,4,10/26/2017,11/3/2017,11/15/2017,2,6,33,2877.88
666,770,4,10/27/2017,11/4/2017,11/16/2017,2,7,37,540.89
667,858,4,10/28/2017,11/5/2017,11/17/2017,2,7,19,2341.98
668,297,4,10/29/2017,11/6/2017,11/18/2017,3,8,25,2417.92
669,745,4,10/30/2017,11/7/2017,11/19/2017,2,7,46,2851.20
670,361,4,10/31/2017,11/8/2017,11/20/2017,2,6,4,600.49
671,922,4,11/1/2017,11/9/2017,11/21/2017,2,7,28,3740.06
672,908,4,11/2/2017,11/10/2017,11/22/2017,2,6,44,2141.95
673,64,4,11/3/2017,11/11/2017,11/23/2017,3,9,25,4024.14
674,733,4,11/4/2017,11/12/2017,11/24/2017,2,6,10,3978.77
675,291,4,11/5/2017,11/13/2017,11/25/2017,2,7,6,2186.16
676,790,4,11/6/2017,11/14/2017,11/26/2017,2,7,28,2073.37
677,809,4,11/7/2017,11/15/2017,11/27/2017,2,7,24,1769.17
678,250,4,11/8/2017,11/16/2017,11/28/2017,3,9,35,2703.00
679,81,4,11/9/2017,11/17/2017,11/29/2017,1,3,29,3951.46
680,245,4,11/10/2017,11/18/2017,11/30/2017,1,3,4,4117.03
681,499,4,11/11/2017,11/19/2017,12/1/2017,2,7,47,2770.15
682,614,4,11/12/2017,11/20/2017,12/2/2017,2,6,28,1518.20
683,741,4,11/13/2017,11/21/2017,12/3/2017,2,6,30,4257.28
684,762,4,11/14/2017,11/22/2017,12/4/2017,2,6,16,970.16
685,976,4,11/15/2017,11/23/2017,12/5/2017,2,7,25,2079.37
686,380,4,11/16/2017,11/24/2017,12/6/2017,2,7,5,2165.33
687,530,4,11/17/2017,11/25/2017,12/7/2017,1,3,41,4962.42
688,343,4,11/18/2017,11/26/2017,12/8/2017,2,7,27,1020.74
689,884,4,11/19/2017,11/27/2017,12/9/2017,2,7,45,2253.25
690,1097,4,11/20/2017,11/28/2017,12/10/2017,1,2,18,3618.13
691,1081,4,11/21/2017,11/29/2017,12/11/2017,2,7,21,2691.57
692,2,3,11/22/2017,11/30/2017,12/12/2017,1,3,4,1167.16
693,1233,4,11/23/2017,12/1/2017,12/13/2017,1,3,21,4182.82
694,58,4,11/24/2017,12/2/2017,12/14/2017,2,7,2,2032.02
695,606,4,11/25/2017,12/3/2017,12/15/2017,2,7,18,1390.92
696,1242,4,11/26/2017,12/4/2017,12/16/2017,2,7,38,3338.37
697,562,4,11/27/2017,12/5/2017,12/17/2017,1,2,33,2626.03
698,543,4,11/28/2017,12/6/2017,12/18/2017,3,8,21,2426.25
699,958,4,11/29/2017,12/7/2017,12/19/2017,3,9,4,2466.17
700,4,4,11/30/2017,12/8/2017,12/20/2017,2,6,26,574.93
701,850,4,12/1/2017,12/9/2017,12/21/2017,3,9,32,1339.90
702,1352,4,12/2/2017,12/10/2017,12/22/2017,1,3,42,2954.68
703,417,4,12/3/2017,12/11/2017,12/23/2017,2,7,9,1860.82
704,1137,4,12/4/2017,12/12/2017,12/24/2017,2,6,10,4302.14
705,1196,4,12/5/2017,12/13/2017,12/25/2017,2,7,9,2302.76
706,1271,4,12/6/2017,12/14/2017,12/26/2017,1,2,38,3297.02
707,79,4,12/7/2017,12/15/2017,12/27/2017,2,7,46,2141.35
708,660,4,12/8/2017,12/16/2017,12/28/2017,1,2,38,1563.53
709,1162,4,12/9/2017,12/17/2017,12/29/2017,2,6,7,1399.26
710,295,4,12/10/2017,12/18/2017,12/30/2017,2,6,24,800.75
711,1246,4,12/11/2017,12/19/2017,12/31/2017,2,6,8,3800.66
712,173,4,12/12/2017,12/20/2017,1/1/2018,3,9,38,657.51
713,207,4,12/13/2017,12/21/2017,1/2/2018,3,8,20,668.60
714,805,4,12/14/2017,12/22/2017,1/3/2018,2,7,21,1750.68
715,12,3,12/15/2017,12/23/2017,1/4/2018,2,6,3,1818.26
716,672,4,12/16/2017,12/24/2017,1/5/2018,2,6,42,1137.35
717,1312,4,12/17/2017,12/25/2017,1/6/2018,2,6,19,1465.61
718,38,4,12/18/2017,12/26/2017,1/7/2018,2,7,27,4233.55
719,200,4,12/19/2017,12/27/2017,1/8/2018,2,6,13,4328.49
720,382,4,12/20/2017,12/28/2017,1/9/2018,2,6,16,3767.41
721,625,4,12/21/2017,12/29/2017,1/10/2018,2,7,49,2213.17
722,1399,4,12/22/2017,12/30/2017,1/11/2018,2,7,45,1746.21
723,845,4,12/23/2017,12/31/2017,1/12/2018,2,6,26,2239.31
724,864,4,12/24/2017,1/1/2018,1/13/2018,2,6,40,2058.62
725,870,4,12/25/2017,1/2/2018,1/14/2018,2,7,4,2662.31
726,969,4,12/26/2017,1/3/2018,1/15/2018,2,6,9,732.00
727,962,4,12/27/2017,1/4/2018,1/16/2018,3,9,26,1245.27
728,1138,4,12/28/2017,1/5/2018,1/17/2018,1,3,1,2502.79
729,897,4,12/29/2017,1/6/2018,1/18/2018,2,7,44,3322.58
730,500,4,12/30/2017,1/7/2018,1/19/2018,2,6,1,1581.70
731,910,4,12/31/2017,1/8/2018,1/20/2018,3,9,8,2834.46
732,147,4,1/1/2018,1/9/2018,1/21/2018,2,7,26,2258.69
733,832,4,1/2/2018,1/10/2018,1/22/2018,2,7,28,1844.38
734,939,4,1/3/2018,1/11/2018,1/23/2018,3,9,44,3339.59
735,20,3,1/4/2018,1/12/2018,1/24/2018,3,9,7,1868.00
736,184,4,1/5/2018,1/13/2018,1/25/2018,2,7,16,2084.78
737,694,4,1/6/2018,1/14/2018,1/26/2018,2,6,4,4356.14
738,124,4,1/7/2018,1/15/2018,1/27/2018,1,2,23,4810.82
739,49,4,1/8/2018,1/16/2018,1/28/2018,2,6,41,3682.26
740,1113,4,1/9/2018,1/17/2018,1/29/2018,2,6,39,797.17
741,119,4,1/10/2018,1/18/2018,1/30/2018,3,8,12,3959.00
742,433,4,1/11/2018,1/19/2018,1/31/2018,3,9,45,3120.43
743,137,4,1/12/2018,1/20/2018,2/1/2018,2,6,28,812.20
744,166,4,1/13/2018,1/21/2018,2/2/2018,2,7,49,655.17
745,698,4,1/14/2018,1/22/2018,2/3/2018,2,7,13,2629.48
746,391,4,1/15/2018,1/23/2018,2/4/2018,1,3,12,1471.35
747,87,4,1/16/2018,1/24/2018,2/5/2018,1,3,14,1024.75
748,1072,4,1/17/2018,1/25/2018,2/6/2018,3,8,23,1947.34
749,255,4,1/18/2018,1/26/2018,2/7/2018,2,7,12,3954.17
750,232,4,1/19/2018,1/27/2018,2/8/2018,3,8,25,2952.78
751,731,4,1/20/2018,1/28/2018,2/9/2018,1,3,20,1363.66
752,335,4,1/21/2018,1/29/2018,2/10/2018,2,6,20,4973.50
753,1201,4,1/22/2018,1/30/2018,2/11/2018,2,7,5,3644.37
754,646,4,1/23/2018,1/31/2018,2/12/2018,1,2,6,2276.75
755,531,4,1/24/2018,2/1/2018,2/13/2018,2,6,15,3533.12
756,1143,4,1/25/2018,2/2/2018,2/14/2018,2,6,46,2904.26
757,1336,4,1/26/2018,2/3/2018,2/15/2018,2,7,13,676.67
758,953,4,1/27/2018,2/4/2018,2/16/2018,3,9,22,2100.56
759,284,4,1/28/2018,2/5/2018,2/17/2018,2,7,1,2983.19
760,1104,4,1/29/2018,2/6/2018,2/18/2018,2,6,19,2518.86
761,1291,4,1/30/2018,2/7/2018,2/19/2018,2,7,14,534.57
762,572,4,1/31/2018,2/8/2018,2/20/2018,2,6,26,4404.25
763,842,4,2/1/2018,2/9/2018,2/21/2018,3,9,15,3831.34
764,701,4,2/2/2018,2/10/2018,2/22/2018,1,2,9,3904.46
765,1152,4,2/3/2018,2/11/2018,2/23/2018,1,2,33,672.18
766,141,4,2/4/2018,2/12/2018,2/24/2018,2,6,10,2224.26
767,564,4,2/5/2018,2/13/2018,2/25/2018,2,7,23,4293.67
768,841,4,2/6/2018,2/14/2018,2/26/2018,2,7,41,1682.02
769,946,4,2/7/2018,2/15/2018,2/27/2018,2,6,22,2775.29
770,135,4,2/8/2018,2/16/2018,2/28/2018,3,9,38,2916.59
771,671,4,2/9/2018,2/17/2018,3/1/2018,1,3,28,819.65
772,448,4,2/10/2018,2/18/2018,3/2/2018,2,7,42,1233.75
773,1385,4,2/11/2018,2/19/2018,3/3/2018,2,6,48,2335.82
774,690,4,2/12/2018,2/20/2018,3/4/2018,2,6,38,4913.20
775,968,4,2/13/2018,2/21/2018,3/5/2018,2,6,38,2468.95
776,490,4,2/14/2018,2/22/2018,3/6/2018,2,6,1,4756.14
777,496,4,2/15/2018,2/23/2018,3/7/2018,2,6,10,4845.04
778,56,3,2/16/2018,2/24/2018,3/8/2018,3,9,48,4777.28
779,367,4,2/17/2018,2/25/2018,3/9/2018,2,6,26,1063.24
780,592,4,2/18/2018,2/26/2018,3/10/2018,2,6,27,4050.52
781,1018,4,2/19/2018,2/27/2018,3/11/2018,2,6,43,2069.24
782,1298,4,2/20/2018,2/28/2018,3/12/2018,2,7,29,4975.14
783,1343,4,2/21/2018,3/1/2018,3/13/2018,1,2,33,2194.98
784,430,4,2/22/2018,3/2/2018,3/14/2018,2,7,8,749.32
785,794,4,2/23/2018,3/3/2018,3/15/2018,1,2,25,3962.23
786,249,4,2/24/2018,3/4/2018,3/16/2018,2,6,48,1033.47
787,700,4,2/25/2018,3/5/2018,3/17/2018,3,9,24,4247.17
788,1363,4,2/26/2018,3/6/2018,3/18/2018,3,9,2,3421.72
789,772,4,2/27/2018,3/7/2018,3/19/2018,2,6,20,3426.40
790,1015,4,2/28/2018,3/8/2018,3/20/2018,2,7,36,4688.11
791,432,4,3/1/2018,3/9/2018,3/21/2018,2,6,40,2578.42
792,479,4,3/2/2018,3/10/2018,3/22/2018,2,6,37,1766.71
793,653,4,3/3/2018,3/11/2018,3/23/2018,2,6,10,3655.53
794,863,4,3/4/2018,3/12/2018,3/24/2018,2,7,4,3838.41
795,992,4,3/5/2018,3/13/2018,3/25/2018,2,7,47,3779.63
796,154,4,3/6/2018,3/14/2018,3/26/2018,3,9,25,4553.08
797,374,4,3/7/2018,3/15/2018,3/27/2018,2,7,19,4572.33
798,619,4,3/8/2018,3/16/2018,3/28/2018,1,3,10,3278.90
799,607,4,3/9/2018,3/17/2018,3/29/2018,1,3,15,2303.69
800,1057,4,3/10/2018,3/18/2018,3/30/2018,2,6,31,741.44
801,78,4,3/11/2018,3/19/2018,3/31/2018,1,2,23,1104.93
802,340,4,3/12/2018,3/20/2018,4/1/2018,2,6,31,4394.34
803,1105,4,3/13/2018,3/21/2018,4/2/2018,3,8,13,1516.47
804,95,4,3/14/2018,3/22/2018,4/3/2018,2,6,19,3460.62
805,420,4,3/15/2018,3/23/2018,4/4/2018,2,6,1,3203.63
806,234,4,3/16/2018,3/24/2018,4/5/2018,2,7,9,3862.74
807,1148,4,3/17/2018,3/25/2018,4/6/2018,2,6,27,3372.17
808,315,4,3/18/2018,3/26/2018,4/7/2018,2,6,11,2116.58
809,1222,4,3/19/2018,3/27/2018,4/8/2018,2,7,16,2221.82
810,153,3,3/20/2018,3/28/2018,4/9/2018,3,8,20,1167.09
811,524,4,3/21/2018,3/29/2018,4/10/2018,2,7,33,2551.99
812,1164,4,3/22/2018,3/30/2018,4/11/2018,2,7,8,4861.01
813,1203,4,3/23/2018,3/31/2018,4/12/2018,3,9,35,1136.81
814,629,4,3/24/2018,4/1/2018,4/13/2018,2,7,34,3930.95
815,1251,4,3/25/2018,4/2/2018,4/14/2018,1,3,13,3024.72
816,811,4,3/26/2018,4/3/2018,4/15/2018,2,6,24,1156.77
817,301,4,3/27/2018,4/4/2018,4/16/2018,2,7,20,1232.87
818,1319,4,3/28/2018,4/5/2018,4/17/2018,2,6,23,2904.24
819,221,4,3/29/2018,4/6/2018,4/18/2018,3,9,17,1685.90
820,725,4,3/30/2018,4/7/2018,4/19/2018,2,7,34,2916.76
821,1181,4,3/31/2018,4/8/2018,4/20/2018,2,7,24,891.47
822,294,4,4/1/2018,4/9/2018,4/21/2018,2,7,48,1739.25
823,415,4,4/2/2018,4/10/2018,4/22/2018,3,8,23,3125.29
824,993,4,4/3/2018,4/11/2018,4/23/2018,1,2,26,1064.99
825,10,4,4/4/2018,4/12/2018,4/24/2018,2,7,20,3036.51
826,45,4,4/5/2018,4/13/2018,4/25/2018,2,6,13,2214.54
827,666,4,4/6/2018,4/14/2018,4/26/2018,2,7,20,3001.92
828,246,4,4/7/2018,4/15/2018,4/27/2018,2,6,40,519.21
829,674,4,4/8/2018,4/16/2018,4/28/2018,2,7,46,1369.27
830,431,4,4/9/2018,4/17/2018,4/29/2018,2,6,48,1357.27
831,1000,4,4/10/2018,4/18/2018,4/30/2018,2,7,21,4142.92
832,1215,4,4/11/2018,4/19/2018,5/1/2018,2,7,3,3097.72
833,406,4,4/12/2018,4/20/2018,5/2/2018,2,7,30,852.33
834,890,4,4/13/2018,4/21/2018,5/3/2018,2,6,11,3906.42
835,940,4,4/14/2018,4/22/2018,5/4/2018,1,2,6,1245.20
836,455,4,4/15/2018,4/23/2018,5/5/2018,2,6,4,3752.16
837,948,4,4/16/2018,4/24/2018,5/6/2018,2,7,12,1567.04
838,1395,4,4/17/2018,4/25/2018,5/7/2018,2,7,23,2719.34
839,1332,4,4/18/2018,4/26/2018,5/8/2018,1,3,32,1610.95
840,372,4,4/19/2018,4/27/2018,5/9/2018,2,6,45,2569.64
841,428,4,4/20/2018,4/28/2018,5/10/2018,2,7,3,4134.58
842,1133,4,4/21/2018,4/29/2018,5/11/2018,2,6,7,3384.94
843,1059,4,4/22/2018,4/30/2018,5/12/2018,2,7,47,2848.12
844,1436,4,4/23/2018,5/1/2018,5/13/2018,2,6,37,3363.37
845,662,4,4/24/2018,5/2/2018,5/14/2018,2,7,2,4908.13
846,715,4,4/25/2018,5/3/2018,5/15/2018,2,6,24,979.07
847,329,4,4/26/2018,5/4/2018,5/16/2018,2,7,22,3694.20
848,597,4,4/27/2018,5/5/2018,5/17/2018,2,7,16,2732.49
849,776,4,4/28/2018,5/6/2018,5/18/2018,1,2,31,4048.43
850,1346,4,4/29/2018,5/7/2018,5/19/2018,1,3,30,4076.32
851,1139,4,4/30/2018,5/8/2018,5/20/2018,2,6,33,2536.21
852,13,4,5/1/2018,5/9/2018,5/21/2018,3,9,28,632.14
853,883,4,5/2/2018,5/10/2018,5/22/2018,3,8,8,2996.09
854,177,4,5/3/2018,5/11/2018,5/23/2018,2,6,29,2082.23
855,775,4,5/4/2018,5/12/2018,5/24/2018,2,6,11,2876.02
856,477,4,5/5/2018,5/13/2018,5/25/2018,2,6,22,2173.67
857,1402,4,5/6/2018,5/14/2018,5/26/2018,2,7,36,3769.40
858,162,4,5/7/2018,5/15/2018,5/27/2018,2,6,4,3913.49
859,644,4,5/8/2018,5/16/2018,5/28/2018,2,6,13,2489.26
860,473,4,5/9/2018,5/17/2018,5/29/2018,2,7,8,3117.87
861,1177,4,5/10/2018,5/18/2018,5/30/2018,2,7,50,4369.17
862,1230,4,5/11/2018,5/19/2018,5/31/2018,3,8,36,2982.34
863,446,4,5/12/2018,5/20/2018,6/1/2018,2,7,9,1707.03
864,902,4,5/13/2018,5/21/2018,6/2/2018,2,6,30,2045.61
865,974,4,5/14/2018,5/22/2018,6/3/2018,2,6,13,527.64
866,1410,4,5/15/2018,5/23/2018,6/4/2018,2,6,43,3471.31
867,97,4,5/16/2018,5/24/2018,6/5/2018,1,3,6,4498.57
868,868,4,5/17/2018,5/25/2018,6/6/2018,1,3,17,2384.85
869,844,4,5/18/2018,5/26/2018,6/7/2018,2,7,45,2020.67
870,1416,4,5/19/2018,5/27/2018,6/8/2018,2,6,43,638.22
871,358,4,5/20/2018,5/28/2018,6/9/2018,2,7,32,1628.14
872,394,4,5/21/2018,5/29/2018,6/10/2018,1,3,3,4727.89
873,829,4,5/22/2018,5/30/2018,6/11/2018,2,7,14,2522.63
874,661,4,5/23/2018,5/31/2018,6/12/2018,2,7,40,2736.87
875,386,4,5/24/2018,6/1/2018,6/13/2018,1,3,28,2554.51
876,1046,4,5/25/2018,6/2/2018,6/14/2018,2,7,7,1530.70
877,784,4,5/26/2018,6/3/2018,6/15/2018,2,6,46,964.66
878,224,4,5/27/2018,6/4/2018,6/16/2018,1,3,40,1546.69
879,214,4,5/28/2018,6/5/2018,6/17/2018,2,7,48,1318.60
880,1206,4,5/29/2018,6/6/2018,6/18/2018,2,6,20,3143.40
881,1024,4,5/30/2018,6/7/2018,6/19/2018,3,9,20,3756.07
882,196,4,5/31/2018,6/8/2018,6/20/2018,2,6,26,4641.21
883,507,4,6/1/2018,6/9/2018,6/21/2018,2,6,22,2120.78
884,871,4,6/2/2018,6/10/2018,6/22/2018,2,7,28,514.57
885,66,3,6/3/2018,6/11/2018,6/23/2018,3,8,32,741.07
886,1396,4,6/4/2018,6/12/2018,6/24/2018,1,2,35,3804.47
887,1195,4,6/5/2018,6/13/2018,6/25/2018,2,6,20,2100.63
888,1038,4,6/6/2018,6/14/2018,6/26/2018,2,7,19,2271.37
889,830,4,6/7/2018,6/15/2018,6/27/2018,3,8,14,3123.37
890,171,4,6/8/2018,6/16/2018,6/28/2018,2,6,24,3018.25
891,384,4,6/9/2018,6/17/2018,6/29/2018,2,6,9,2628.78
892,651,4,6/10/2018,6/18/2018,6/30/2018,2,7,22,1817.30
893,1293,4,6/11/2018,6/19/2018,7/1/2018,2,7,34,4963.79
894,1320,4,6/12/2018,6/20/2018,7/2/2018,2,6,1,1968.66
895,857,4,6/13/2018,6/21/2018,7/3/2018,2,6,32,3450.59
896,376,4,6/14/2018,6/22/2018,7/4/2018,3,9,47,2991.34
897,47,4,6/15/2018,6/23/2018,7/5/2018,1,2,11,1804.25
898,352,4,6/16/2018,6/24/2018,7/6/2018,2,6,21,4501.62
899,605,4,6/17/2018,6/25/2018,7/7/2018,2,7,33,3088.90
900,971,4,6/18/2018,6/26/2018,7/8/2018,2,6,19,2490.14
901,345,4,6/19/2018,6/27/2018,7/9/2018,2,7,37,2136.83
902,1278,4,6/20/2018,6/28/2018,7/10/2018,2,6,16,3659.20
903,179,4,6/21/2018,6/29/2018,7/11/2018,2,7,50,1925.27
904,1020,4,6/22/2018,6/30/2018,7/12/2018,1,2,35,2896.94
905,609,4,6/23/2018,7/1/2018,7/13/2018,2,6,27,3587.43
906,877,4,6/24/2018,7/2/2018,7/14/2018,2,7,15,3753.35
907,120,4,6/25/2018,7/3/2018,7/15/2018,1,2,43,2044.71
908,402,4,6/26/2018,7/4/2018,7/16/2018,2,7,32,1277.03
909,188,4,6/27/2018,7/5/2018,7/17/2018,1,2,30,4926.92
910,342,4,6/28/2018,7/6/2018,7/18/2018,2,7,47,2107.55
911,887,4,6/29/2018,7/7/2018,7/19/2018,2,6,29,641.00
912,519,4,6/30/2018,7/8/2018,7/20/2018,1,2,16,3438.89
913,699,4,7/1/2018,7/9/2018,7/21/2018,2,6,46,2546.28
914,1068,4,7/2/2018,7/10/2018,7/22/2018,1,2,38,3554.18
915,215,4,7/3/2018,7/11/2018,7/23/2018,2,6,48,4956.84
916,718,4,7/4/2018,7/12/2018,7/24/2018,2,6,38,3960.86
917,881,4,7/5/2018,7/13/2018,7/25/2018,1,2,34,1435.22
918,242,4,7/6/2018,7/14/2018,7/26/2018,1,3,22,1346.24
919,781,4,7/7/2018,7/15/2018,7/27/2018,2,7,13,4885.55
920,966,4,7/8/2018,7/16/2018,7/28/2018,2,7,7,3868.88
921,628,4,7/9/2018,7/17/2018,7/29/2018,2,6,43,4988.45
922,656,4,7/10/2018,7/18/2018,7/30/2018,2,6,25,1800.38
923,769,4,7/11/2018,7/19/2018,7/31/2018,2,7,21,1125.34
924,68,3,7/12/2018,7/20/2018,8/1/2018,3,8,46,1855.30
925,1316,4,7/13/2018,7/21/2018,8/2/2018,2,7,9,1356.64
926,233,4,7/14/2018,7/22/2018,8/3/2018,1,2,17,3051.30
927,1438,4,7/15/2018,7/23/2018,8/4/2018,1,2,13,2926.94
928,957,4,7/16/2018,7/24/2018,8/5/2018,1,3,7,4862.31
929,472,4,7/17/2018,7/25/2018,8/6/2018,2,6,17,2641.79
930,1224,4,7/18/2018,7/26/2018,8/7/2018,3,9,4,842.91
931,631,4,7/19/2018,7/27/2018,8/8/2018,2,6,25,1248.00
932,804,4,7/20/2018,7/28/2018,8/9/2018,2,6,30,1656.55
933,909,4,7/21/2018,7/29/2018,8/10/2018,2,6,46,4844.28
934,93,4,7/22/2018,7/30/2018,8/11/2018,2,7,50,2942.16
935,43,3,7/23/2018,7/31/2018,8/12/2018,3,8,48,2302.50
936,265,4,7/24/2018,8/1/2018,8/13/2018,2,6,35,3540.29
937,73,4,7/25/2018,8/2/2018,8/14/2018,2,7,21,3403.65
938,129,4,7/26/2018,8/3/2018,8/15/2018,2,6,4,3104.07
939,1407,4,7/27/2018,8/4/2018,8/16/2018,2,6,41,4901.58
940,585,4,7/28/2018,8/5/2018,8/17/2018,1,2,33,2883.19
941,736,4,7/29/2018,8/6/2018,8/18/2018,1,2,43,537.59
942,537,4,7/30/2018,8/7/2018,8/19/2018,2,6,1,758.78
943,1025,4,7/31/2018,8/8/2018,8/20/2018,2,6,43,1742.48
944,138,4,8/1/2018,8/9/2018,8/21/2018,1,3,9,3485.91
945,167,4,8/2/2018,8/10/2018,8/22/2018,2,7,34,1398.67
946,525,4,8/3/2018,8/11/2018,8/23/2018,2,6,24,1469.19
947,278,4,8/4/2018,8/12/2018,8/24/2018,1,3,47,1024.23
948,618,4,8/5/2018,8/13/2018,8/25/2018,2,6,23,4126.49
949,867,4,8/6/2018,8/14/2018,8/26/2018,1,3,39,1770.40
950,142,4,8/7/2018,8/15/2018,8/27/2018,2,6,38,2188.41
951,339,4,8/8/2018,8/16/2018,8/28/2018,2,7,15,3873.43
952,355,4,8/9/2018,8/17/2018,8/29/2018,2,7,3,1568.77
953,658,4,8/10/2018,8/18/2018,8/30/2018,2,7,35,3566.91
954,611,4,8/11/2018,8/19/2018,8/31/2018,2,6,34,1238.28
955,880,4,8/12/2018,8/20/2018,9/1/2018,2,6,26,4858.94
956,1184,4,8/13/2018,8/21/2018,9/2/2018,2,6,39,2723.80
957,722,4,8/14/2018,8/22/2018,9/3/2018,3,9,32,4462.96
958,1276,4,8/15/2018,8/23/2018,9/4/2018,1,2,16,2649.45
959,650,4,8/16/2018,8/24/2018,9/5/2018,2,7,19,938.93
960,1390,4,8/17/2018,8/25/2018,9/6/2018,2,7,47,988.18
961,82,4,8/18/2018,8/26/2018,9/7/2018,1,2,19,2098.51
962,570,4,8/19/2018,8/27/2018,9/8/2018,2,7,30,3051.01
963,1432,4,8/20/2018,8/28/2018,9/9/2018,2,6,9,1413.14
964,404,4,8/21/2018,8/29/2018,9/10/2018,2,7,27,2089.40
965,457,4,8/22/2018,8/30/2018,9/11/2018,2,6,30,2387.81
966,389,4,8/23/2018,8/31/2018,9/12/2018,3,8,5,3293.43
967,1323,4,8/24/2018,9/1/2018,9/13/2018,2,6,31,2879.83
968,1403,4,8/25/2018,9/2/2018,9/14/2018,2,6,29,2707.93
969,248,4,8/26/2018,9/3/2018,9/15/2018,3,9,39,1210.23
970,836,4,8/27/2018,9/4/2018,9/16/2018,2,7,3,885.97
971,1426,4,8/28/2018,9/5/2018,9/17/2018,3,8,31,1881.73
972,270,4,8/29/2018,9/6/2018,9/18/2018,2,7,6,1289.50
973,238,4,8/30/2018,9/7/2018,9/19/2018,2,6,37,3801.12
974,511,4,8/31/2018,9/8/2018,9/20/2018,3,8,46,1262.82
975,1092,4,9/1/2018,9/9/2018,9/21/2018,2,6,5,4044.28
976,1266,4,9/2/2018,9/10/2018,9/22/2018,3,9,1,3466.85
977,400,4,9/3/2018,9/11/2018,9/23/2018,2,7,6,4429.59
978,1123,4,9/4/2018,9/12/2018,9/24/2018,2,6,44,3240.05
979,1190,4,9/5/2018,9/13/2018,9/25/2018,2,6,50,1887.60
980,328,4,9/6/2018,9/14/2018,9/26/2018,3,9,41,2239.99
981,687,4,9/7/2018,9/15/2018,9/27/2018,3,8,10,1703.45
982,1423,4,9/8/2018,9/16/2018,9/28/2018,3,9,30,1275.93
983,1158,4,9/9/2018,9/17/2018,9/29/2018,2,6,20,1381.25
984,1287,4,9/10/2018,9/18/2018,9/30/2018,2,7,40,3867.57
985,461,4,9/11/2018,9/19/2018,10/1/2018,2,6,20,704.09
986,556,4,9/12/2018,9/20/2018,10/2/2018,2,7,36,4291.52
987,172,4,9/13/2018,9/21/2018,10/3/2018,1,2,32,2546.36
988,436,4,9/14/2018,9/22/2018,10/4/2018,2,6,1,1602.92
989,1145,4,9/15/2018,9/23/2018,10/5/2018,2,6,22,3209.32
990,706,4,9/16/2018,9/24/2018,10/6/2018,2,7,31,740.23
991,751,4,9/17/2018,9/25/2018,10/7/2018,1,2,13,1316.00
992,723,4,9/18/2018,9/26/2018,10/8/2018,2,7,40,1113.43
993,1415,4,9/19/2018,9/27/2018,10/9/2018,1,3,13,3983.85
994,419,4,9/20/2018,9/28/2018,10/10/2018,2,7,20,1363.22
995,621,4,9/21/2018,9/29/2018,10/11/2018,1,2,20,563.29
996,915,4,9/22/2018,9/30/2018,10/12/2018,1,2,12,1654.38
997,485,4,9/23/2018,10/1/2018,10/13/2018,2,7,4,3256.53
998,219,4,9/24/2018,10/2/2018,10/14/2018,2,7,3,2742.52
999,590,4,9/25/2018,10/3/2018,10/15/2018,2,6,26,4597.93
1000,645,4,9/26/2018,10/4/2018,10/16/2018,2,7,29,1170.81
1001,354,4,9/27/2018,10/5/2018,10/17/2018,2,6,20,4118.89
1002,1418,4,9/28/2018,10/6/2018,10/18/2018,1,3,2,1146.26
1003,503,4,9/29/2018,10/7/2018,10/19/2018,2,7,25,4937.03
1004,1389,4,9/30/2018,10/8/2018,10/20/2018,2,6,7,663.80
1005,266,4,10/1/2018,10/9/2018,10/21/2018,2,7,14,1679.40
1006,1070,4,10/2/2018,10/10/2018,10/22/2018,2,7,23,3622.17
1007,1115,4,10/3/2018,10/11/2018,10/23/2018,2,6,14,612.80
1008,1345,4,10/4/2018,10/12/2018,10/24/2018,2,6,36,3507.65
1009,1064,4,10/5/2018,10/13/2018,10/25/2018,3,8,33,3370.78
1010,8,3,10/6/2018,10/14/2018,10/26/2018,2,7,46,4866.36
1011,495,4,10/7/2018,10/15/2018,10/27/2018,1,3,41,4015.74
1012,620,4,10/8/2018,10/16/2018,10/28/2018,2,7,20,3902.00
1013,174,4,10/9/2018,10/17/2018,10/29/2018,2,6,47,4532.68
1014,748,4,10/10/2018,10/18/2018,10/30/2018,2,6,16,3657.67
1015,799,4,10/11/2018,10/19/2018,10/31/2018,2,7,19,2790.98
1016,1417,4,10/12/2018,10/20/2018,11/1/2018,3,9,18,761.10
1017,168,4,10/13/2018,10/21/2018,11/2/2018,2,6,15,2591.78
1018,290,4,10/14/2018,10/22/2018,11/3/2018,2,6,12,2609.98
1019,408,4,10/15/2018,10/23/2018,11/4/2018,2,7,41,4481.76
1020,16,3,10/16/2018,10/24/2018,11/5/2018,2,6,3,1233.06
1021,125,4,10/17/2018,10/25/2018,11/6/2018,2,6,12,4284.74
1022,353,4,10/18/2018,10/26/2018,11/7/2018,2,7,46,2059.21
1023,356,4,10/19/2018,10/27/2018,11/8/2018,2,6,17,3690.41
1024,837,4,10/20/2018,10/28/2018,11/9/2018,2,7,49,1745.02
1025,1304,4,10/21/2018,10/29/2018,11/10/2018,2,6,25,2266.19
1026,1370,4,10/22/2018,10/30/2018,11/11/2018,1,2,39,1908.97
1027,588,4,10/23/2018,10/31/2018,11/12/2018,2,6,49,3660.60
1028,1273,4,10/24/2018,11/1/2018,11/13/2018,2,7,26,3144.26
1029,407,4,10/25/2018,11/2/2018,11/14/2018,1,3,36,2940.56
1030,161,4,10/26/2018,11/3/2018,11/15/2018,2,6,4,4764.28
1031,1308,4,10/27/2018,11/4/2018,11/16/2018,1,2,18,3749.02
1032,429,4,10/28/2018,11/5/2018,11/17/2018,2,6,25,1652.83
1033,582,4,10/29/2018,11/6/2018,11/18/2018,2,7,42,4395.83
1034,895,4,10/30/2018,11/7/2018,11/19/2018,2,7,50,709.42
1035,1283,4,10/31/2018,11/8/2018,11/20/2018,2,6,41,4571.22
1036,1442,4,11/1/2018,11/9/2018,11/21/2018,2,6,34,1143.42
1037,1229,4,11/2/2018,11/10/2018,11/22/2018,2,6,13,3271.51
1038,1281,4,11/3/2018,11/11/2018,11/23/2018,2,7,50,1268.22
1039,1077,4,11/4/2018,11/12/2018,11/24/2018,2,7,7,2580.09
1040,1225,4,11/5/2018,11/13/2018,11/25/2018,1,2,34,1928.02
1041,70,4,11/6/2018,11/14/2018,11/26/2018,2,7,10,3966.82
1042,539,4,11/7/2018,11/15/2018,11/27/2018,2,7,32,3618.55
1043,1235,4,11/8/2018,11/16/2018,11/28/2018,2,6,29,2920.27
1044,1270,4,11/9/2018,11/17/2018,11/29/2018,2,7,6,4963.66
1045,185,4,11/10/2018,11/18/2018,11/30/2018,3,9,25,3598.08
1046,1134,4,11/11/2018,11/19/2018,12/1/2018,3,8,23,545.21
1047,116,3,11/12/2018,11/20/2018,12/2/2018,3,8,27,2922.89
1048,777,4,11/13/2018,11/21/2018,12/3/2018,2,7,22,735.53
1049,194,4,11/14/2018,11/22/2018,12/4/2018,1,2,26,818.94
1050,239,4,11/15/2018,11/23/2018,12/5/2018,1,3,10,4507.16
1051,209,4,11/16/2018,11/24/2018,12/6/2018,2,7,40,4917.21
1052,460,4,11/17/2018,11/25/2018,12/7/2018,2,6,39,4021.77
1053,1439,4,11/18/2018,11/26/2018,12/8/2018,2,6,24,4022.54
1054,189,4,11/19/2018,11/27/2018,12/9/2018,2,7,46,929.43
1055,140,4,11/20/2018,11/28/2018,12/10/2018,2,6,3,1703.14
1056,325,4,11/21/2018,11/29/2018,12/11/2018,2,7,24,679.49
1057,456,4,11/22/2018,11/30/2018,12/12/2018,2,7,13,4904.99
1058,782,4,11/23/2018,12/1/2018,12/13/2018,2,6,14,1698.42
1059,6,4,11/24/2018,12/2/2018,12/14/2018,2,7,49,3900.38
1060,182,4,11/25/2018,12/3/2018,12/15/2018,2,6,4,3348.45
1061,655,4,11/26/2018,12/4/2018,12/16/2018,2,7,7,1173.40
1062,1210,4,11/27/2018,12/5/2018,12/17/2018,2,6,3,3919.44
1063,198,4,11/28/2018,12/6/2018,12/18/2018,3,8,47,2629.89
1064,898,4,11/29/2018,12/7/2018,12/19/2018,3,9,27,3711.70
1065,25,4,11/30/2018,12/8/2018,12/20/2018,2,7,27,2107.04
1066,106,4,12/1/2018,12/9/2018,12/21/2018,2,7,10,3117.07
1067,225,4,12/2/2018,12/10/2018,12/22/2018,2,7,37,1310.13
1068,453,4,12/3/2018,12/11/2018,12/23/2018,2,7,17,4207.77
1069,493,4,12/4/2018,12/12/2018,12/24/2018,2,6,40,4427.87
1070,596,4,12/5/2018,12/13/2018,12/25/2018,2,7,6,4793.54
1071,602,4,12/6/2018,12/14/2018,12/26/2018,3,8,42,3536.64
1072,47,3,12/7/2018,12/15/2018,12/27/2018,1,3,28,2300.44
1073,911,4,12/8/2018,12/16/2018,12/28/2018,2,7,28,3538.76
1074,11,3,12/9/2018,12/17/2018,12/29/2018,2,6,42,1907.65
1075,1003,4,12/10/2018,12/18/2018,12/30/2018,1,3,25,3384.01
1076,42,4,12/11/2018,12/19/2018,12/31/2018,2,6,50,4440.42
1077,412,4,12/12/2018,12/20/2018,1/1/2019,2,6,48,2536.41
1078,793,4,12/13/2018,12/21/2018,1/2/2019,2,6,41,1260.43
1079,812,4,12/14/2018,12/22/2018,1/3/2019,2,7,20,2406.64
1080,1086,4,12/15/2018,12/23/2018,1/4/2019,2,7,2,2975.98
1081,1106,4,12/16/2018,12/24/2018,1/5/2019,2,6,41,4704.71
1082,1327,4,12/17/2018,12/25/2018,1/6/2019,2,6,26,1386.35
1083,1372,4,12/18/2018,12/26/2018,1/7/2019,2,6,20,760.36
1084,2,4,12/19/2018,12/27/2018,1/8/2019,1,2,36,1098.27
1085,305,4,12/20/2018,12/28/2018,1/9/2019,1,3,25,4963.93
1086,220,4,12/21/2018,12/29/2018,1/10/2019,2,7,15,1189.58
1087,675,4,12/22/2018,12/30/2018,1/11/2019,3,8,45,1992.14
1088,1160,4,12/23/2018,12/31/2018,1/12/2019,3,8,27,2266.17
1089,46,3,12/24/2018,1/1/2019,1/13/2019,1,2,25,2075.54
1090,1427,4,12/25/2018,1/2/2019,1/14/2019,1,2,3,1407.80
1091,1260,4,12/26/2018,1/3/2019,1/15/2019,2,7,22,4782.16
1092,40,4,12/27/2018,1/4/2019,1/16/2019,1,2,43,2431.06
1093,326,4,12/28/2018,1/5/2019,1/17/2019,1,3,32,4021.86
1094,828,4,12/29/2018,1/6/2019,1/18/2019,2,6,34,3991.96
1095,1382,4,12/30/2018,1/7/2019,1/19/2019,3,9,34,3945.17
1096,589,4,12/31/2018,1/8/2019,1/20/2019,1,2,15,2625.25
1097,1311,4,1/1/2019,1/9/2019,1/21/2019,2,6,29,2206.63
1098,752,4,1/2/2019,1/10/2019,1/22/2019,1,2,13,4395.87
1099,1128,4,1/3/2019,1/11/2019,1/23/2019,2,6,4,882.51
1100,1392,4,1/4/2019,1/12/2019,1/24/2019,2,7,23,910.26
1101,379,4,1/5/2019,1/13/2019,1/25/2019,2,7,35,2639.08
1102,1317,4,1/6/2019,1/14/2019,1/26/2019,2,6,12,3773.82
1103,1394,4,1/7/2019,1/15/2019,1/27/2019,2,7,23,3507.59
1104,268,4,1/8/2019,1/16/2019,1/28/2019,2,6,8,3913.59
1105,747,4,1/9/2019,1/17/2019,1/29/2019,3,8,22,3658.15
1106,1009,4,1/10/2019,1/18/2019,1/30/2019,2,6,1,4977.25
1107,1424,4,1/11/2019,1/19/2019,1/31/2019,2,7,15,4169.87
1108,735,4,1/12/2019,1/20/2019,2/1/2019,1,3,3,4990.35
1109,23,4,1/13/2019,1/21/2019,2/2/2019,2,6,8,979.25
1110,912,4,1/14/2019,1/22/2019,2/3/2019,2,6,35,3577.08
1111,930,4,1/15/2019,1/23/2019,2/4/2019,2,6,50,1630.70
1112,798,4,1/16/2019,1/24/2019,2/5/2019,2,7,28,4332.27
1113,388,4,1/17/2019,1/25/2019,2/6/2019,2,7,26,678.54
1114,1036,4,1/18/2019,1/26/2019,2/7/2019,2,6,47,1291.90
1115,1100,4,1/19/2019,1/27/2019,2/8/2019,2,6,21,4473.36
1116,52,4,1/20/2019,1/28/2019,2/9/2019,2,7,19,3176.79
1117,334,4,1/21/2019,1/29/2019,2/10/2019,2,6,14,2455.06
1118,1023,4,1/22/2019,1/30/2019,2/11/2019,2,6,12,1738.08
1119,749,4,1/23/2019,1/31/2019,2/12/2019,1,2,6,4072.45
1120,1269,4,1/24/2019,2/1/2019,2/13/2019,2,7,28,828.93
1121,143,4,1/25/2019,2/2/2019,2/14/2019,2,7,46,1756.91
1122,1132,4,1/26/2019,2/3/2019,2/15/2019,2,6,7,4793.16
1123,598,4,1/27/2019,2/4/2019,2/16/2019,2,7,20,4689.77
1124,275,4,1/28/2019,2/5/2019,2/17/2019,3,9,12,4820.34
1125,945,4,1/29/2019,2/6/2019,2/18/2019,2,7,42,3946.21
1126,1213,4,1/30/2019,2/7/2019,2/19/2019,3,8,37,2388.46
1127,494,4,1/31/2019,2/8/2019,2/20/2019,2,7,47,4359.82
1128,936,4,2/1/2019,2/9/2019,2/21/2019,2,6,2,4990.21
1129,663,4,2/2/2019,2/10/2019,2/22/2019,2,6,1,4506.56
1130,69,4,2/3/2019,2/11/2019,2/23/2019,1,3,49,2966.91
1131,1178,4,2/4/2019,2/12/2019,2/24/2019,1,3,41,1642.31
1132,351,4,2/5/2019,2/13/2019,2/25/2019,2,6,38,3631.96
1133,517,4,2/6/2019,2/14/2019,2/26/2019,2,7,17,1761.56
1134,978,4,2/7/2019,2/15/2019,2/27/2019,2,6,38,4895.88
1135,1347,4,2/8/2019,2/16/2019,2/28/2019,2,6,7,3474.79
1136,1050,4,2/9/2019,2/17/2019,3/1/2019,2,6,26,1622.87
1137,810,4,2/10/2019,2/18/2019,3/2/2019,3,8,34,3109.83
1138,254,4,2/11/2019,2/19/2019,3/3/2019,1,2,42,2264.01
1139,1006,4,2/12/2019,2/20/2019,3/4/2019,1,2,11,4615.55
1140,1063,4,2/13/2019,2/21/2019,3/5/2019,3,8,6,1935.64
1141,1076,4,2/14/2019,2/22/2019,3/6/2019,1,2,5,3580.86
1142,554,4,2/15/2019,2/23/2019,3/7/2019,1,3,28,4506.05
1143,1087,4,2/16/2019,2/24/2019,3/8/2019,1,2,16,2477.70
1144,1414,4,2/17/2019,2/25/2019,3/9/2019,2,7,32,2401.67
1145,617,4,2/18/2019,2/26/2019,3/10/2019,2,6,29,3306.30
1146,757,4,2/19/2019,2/27/2019,3/11/2019,2,7,4,914.75
1147,1344,4,2/20/2019,2/28/2019,3/12/2019,2,6,10,1426.95
1148,1379,4,2/21/2019,3/1/2019,3/13/2019,2,7,46,3205.39
1149,787,4,2/22/2019,3/2/2019,3/14/2019,2,7,42,2739.66
1150,1183,4,2/23/2019,3/3/2019,3/15/2019,2,7,47,1232.48
1151,708,4,2/24/2019,3/4/2019,3/16/2019,1,3,39,1886.46
1152,1244,4,2/25/2019,3/5/2019,3/17/2019,2,6,18,4007.49
1153,720,4,2/26/2019,3/6/2019,3/18/2019,2,7,35,4587.92
1154,789,4,2/27/2019,3/7/2019,3/19/2019,2,7,29,4975.99
1155,865,4,2/28/2019,3/8/2019,3/20/2019,2,7,7,2741.40
1156,869,4,3/1/2019,3/9/2019,3/21/2019,2,7,50,2144.57
1157,24,4,3/2/2019,3/10/2019,3/22/2019,1,3,11,3485.43
1158,889,4,3/3/2019,3/11/2019,3/23/2019,1,2,30,2646.41
1159,1221,4,3/4/2019,3/12/2019,3/24/2019,1,3,21,2300.54
1160,1262,4,3/5/2019,3/13/2019,3/25/2019,1,2,6,3469.47
1161,41,4,3/6/2019,3/14/2019,3/26/2019,2,7,23,4153.55
1162,888,4,3/7/2019,3/15/2019,3/27/2019,2,6,5,2768.34
1163,934,4,3/8/2019,3/16/2019,3/28/2019,2,6,10,4349.04
1164,1067,4,3/9/2019,3/17/2019,3/29/2019,2,6,15,1908.85
1165,652,4,3/10/2019,3/18/2019,3/30/2019,2,7,49,4026.43
1166,286,4,3/11/2019,3/19/2019,3/31/2019,2,7,15,3218.86
1167,900,4,3/12/2019,3/20/2019,4/1/2019,1,2,5,2816.08
1168,1031,4,3/13/2019,3/21/2019,4/2/2019,2,6,15,2684.26
1169,1421,4,3/14/2019,3/22/2019,4/3/2019,2,7,10,1175.93
1170,534,4,3/15/2019,3/23/2019,4/4/2019,2,6,10,4601.33
1171,826,4,3/16/2019,3/24/2019,4/5/2019,2,6,47,3773.12
1172,1339,4,3/17/2019,3/25/2019,4/6/2019,2,7,27,3464.04
1173,548,4,3/18/2019,3/26/2019,4/7/2019,2,7,27,1036.48
1174,1109,4,3/19/2019,3/27/2019,4/8/2019,2,6,15,3591.05
1175,292,4,3/20/2019,3/28/2019,4/9/2019,2,6,50,2350.97
1176,1111,4,3/21/2019,3/29/2019,4/10/2019,3,9,21,2304.30
1177,21,3,3/22/2019,3/30/2019,4/11/2019,3,9,9,2832.94
1178,771,4,3/23/2019,3/31/2019,4/12/2019,2,6,30,4191.05
1179,1150,4,3/24/2019,4/1/2019,4/13/2019,3,9,49,4120.45
1180,1065,4,3/25/2019,4/2/2019,4/14/2019,1,3,45,3137.91
1181,1022,4,3/26/2019,4/3/2019,4/15/2019,2,7,21,2606.84
1182,1422,4,3/27/2019,4/4/2019,4/16/2019,2,7,35,2272.34
1183,216,4,3/28/2019,4/5/2019,4/17/2019,2,6,10,3666.03
1184,369,4,3/29/2019,4/6/2019,4/18/2019,2,6,9,706.05
1185,960,4,3/30/2019,4/7/2019,4/19/2019,2,6,34,4878.27
1186,1120,4,3/31/2019,4/8/2019,4/20/2019,2,6,12,3567.36
1187,486,4,4/1/2019,4/9/2019,4/21/2019,2,6,4,2085.93
1188,647,4,4/2/2019,4/10/2019,4/22/2019,2,7,12,1596.72
1189,1090,4,4/3/2019,4/11/2019,4/23/2019,2,6,3,1237.66
1190,34,4,4/4/2019,4/12/2019,4/24/2019,2,6,9,2103.41
1191,186,4,4/5/2019,4/13/2019,4/25/2019,2,6,35,1696.63
1192,1114,4,4/6/2019,4/14/2019,4/26/2019,2,6,4,2631.27
1193,1412,4,4/7/2019,4/15/2019,4/27/2019,2,7,16,2841.83
1194,192,4,4/8/2019,4/16/2019,4/28/2019,1,2,49,3416.54
1195,229,4,4/9/2019,4/17/2019,4/29/2019,2,7,36,1723.64
1196,508,4,4/10/2019,4/18/2019,4/30/2019,2,6,41,1088.40
1197,269,4,4/11/2019,4/19/2019,5/1/2019,2,6,19,2250.73
1198,1289,4,4/12/2019,4/20/2019,5/2/2019,2,7,38,835.53
1199,318,4,4/13/2019,4/21/2019,5/3/2019,1,2,24,1808.58
1200,48,4,4/14/2019,4/22/2019,5/4/2019,2,6,36,2551.11
1201,201,4,4/15/2019,4/23/2019,5/5/2019,2,6,32,2128.13
1202,593,4,4/16/2019,4/24/2019,5/6/2019,2,6,34,3728.85
1203,1191,4,4/17/2019,4/25/2019,5/7/2019,2,7,46,4137.93
1204,1277,4,4/18/2019,4/26/2019,5/8/2019,2,6,4,2520.94
1205,1091,4,4/19/2019,4/27/2019,5/9/2019,1,2,45,2401.73
1206,222,4,4/20/2019,4/28/2019,5/10/2019,2,6,30,4009.67
1207,1002,4,4/21/2019,4/29/2019,5/11/2019,2,6,26,4637.50
1208,1226,4,4/22/2019,4/30/2019,5/12/2019,2,7,31,2253.14
1209,1342,4,4/23/2019,5/1/2019,5/13/2019,2,7,18,4258.28
1210,730,4,4/24/2019,5/2/2019,5/14/2019,3,8,45,4049.25
1211,19,4,4/25/2019,5/3/2019,5/15/2019,2,7,37,1231.82
1212,213,4,4/26/2019,5/4/2019,5/16/2019,2,6,9,2275.73
1213,669,4,4/27/2019,5/5/2019,5/17/2019,3,9,39,3087.39
1214,783,4,4/28/2019,5/6/2019,5/18/2019,2,6,16,3150.65
1215,807,4,4/29/2019,5/7/2019,5/19/2019,2,7,14,2846.75
1216,886,4,4/30/2019,5/8/2019,5/20/2019,2,7,39,4947.09
1217,1155,4,5/1/2019,5/9/2019,5/21/2019,2,7,4,4878.35
1218,1017,4,5/2/2019,5/10/2019,5/22/2019,1,2,20,4098.57
1219,840,4,5/3/2019,5/11/2019,5/23/2019,2,7,28,1750.22
1220,803,4,5/4/2019,5/12/2019,5/24/2019,2,6,14,2508.48
1221,1290,4,5/5/2019,5/13/2019,5/25/2019,2,7,3,3323.79
1222,482,4,5/6/2019,5/14/2019,5/26/2019,3,9,36,1114.05
1223,1207,4,5/7/2019,5/15/2019,5/27/2019,2,6,47,1467.55
1224,544,4,5/8/2019,5/16/2019,5/28/2019,2,6,20,3897.95
1225,768,4,5/9/2019,5/17/2019,5/29/2019,1,2,17,1716.35
1226,226,4,5/10/2019,5/18/2019,5/30/2019,2,7,9,3805.44
1227,702,4,5/11/2019,5/19/2019,5/31/2019,2,6,40,1048.01
1228,1041,4,5/12/2019,5/20/2019,6/1/2019,2,6,34,4537.63
1229,89,4,5/13/2019,5/21/2019,6/2/2019,1,3,26,4976.68
1230,1107,4,5/14/2019,5/22/2019,6/3/2019,2,6,44,3842.15
1231,1180,4,5/15/2019,5/23/2019,6/4/2019,2,6,12,4789.39
1232,665,4,5/16/2019,5/24/2019,6/5/2019,1,3,1,4321.03
1233,462,4,5/17/2019,5/25/2019,6/6/2019,2,6,39,4208.13
1234,19,3,5/18/2019,5/26/2019,6/7/2019,2,6,22,1708.27
1235,210,4,5/19/2019,5/27/2019,6/8/2019,2,6,23,2848.35
1236,243,4,5/20/2019,5/28/2019,6/9/2019,2,7,18,4052.97
1237,571,4,5/21/2019,5/29/2019,6/10/2019,1,2,1,1386.29
1238,998,4,5/22/2019,5/30/2019,6/11/2019,2,6,23,4308.51
1239,1197,4,5/23/2019,5/31/2019,6/12/2019,2,7,45,2904.09
1240,903,4,5/24/2019,6/1/2019,6/13/2019,2,7,45,3509.98
1241,1170,4,5/25/2019,6/2/2019,6/14/2019,2,7,47,625.69
1242,303,4,5/26/2019,6/3/2019,6/15/2019,2,6,12,4074.37
1243,346,4,5/27/2019,6/4/2019,6/16/2019,2,6,1,3513.35
1244,333,4,5/28/2019,6/5/2019,6/17/2019,2,6,33,2885.12
1245,1166,4,5/29/2019,6/6/2019,6/18/2019,2,7,38,1448.38
1246,1329,4,5/30/2019,6/7/2019,6/19/2019,2,7,41,1855.96
1247,426,4,5/31/2019,6/8/2019,6/20/2019,1,2,38,4316.75
1248,1367,4,6/1/2019,6/9/2019,6/21/2019,1,3,25,3795.19
1249,545,4,6/2/2019,6/10/2019,6/22/2019,2,6,12,2724.04
1250,1188,4,6/3/2019,6/11/2019,6/23/2019,2,6,17,3308.52
1251,289,4,6/4/2019,6/12/2019,6/24/2019,3,9,41,2189.60
1252,110,4,6/5/2019,6/13/2019,6/25/2019,1,3,21,1945.12
1253,44,4,6/6/2019,6/14/2019,6/26/2019,2,6,1,2882.31
1254,1098,4,6/7/2019,6/15/2019,6/27/2019,2,7,40,757.71
1255,375,4,6/8/2019,6/16/2019,6/28/2019,2,6,46,3661.12
1256,458,4,6/9/2019,6/17/2019,6/29/2019,2,6,41,965.29
1257,1136,4,6/10/2019,6/18/2019,6/30/2019,2,7,1,1132.17
1258,1099,4,6/11/2019,6/19/2019,7/1/2019,2,7,40,2815.14
1259,4,3,6/12/2019,6/20/2019,7/2/2019,2,7,24,813.42
1260,1117,4,6/13/2019,6/21/2019,7/3/2019,2,6,37,851.49
1261,435,4,6/14/2019,6/22/2019,7/4/2019,2,7,27,3938.97
1262,509,4,6/15/2019,6/23/2019,7/5/2019,2,6,32,3333.38
1263,1408,4,6/16/2019,6/24/2019,7/6/2019,2,6,30,3623.51
1264,113,4,6/17/2019,6/25/2019,7/7/2019,2,6,18,4900.91
1265,950,4,6/18/2019,6/26/2019,7/8/2019,2,7,11,3299.20
1266,387,4,6/19/2019,6/27/2019,7/9/2019,2,6,28,3510.16
1267,467,4,6/20/2019,6/28/2019,7/10/2019,2,6,14,1653.63
1268,774,4,6/21/2019,6/29/2019,7/11/2019,1,3,18,1503.34
1269,1236,4,6/22/2019,6/30/2019,7/12/2019,2,6,6,1577.31
1270,1388,4,6/23/2019,7/1/2019,7/13/2019,2,6,35,2145.60
1271,734,4,6/24/2019,7/2/2019,7/14/2019,2,6,35,1868.73
1272,935,4,6/25/2019,7/3/2019,7/15/2019,2,6,30,3424.56
1273,1268,4,6/26/2019,7/4/2019,7/16/2019,2,6,20,3580.82
1274,1364,4,6/27/2019,7/5/2019,7/17/2019,2,7,35,4407.79
1275,165,4,6/28/2019,7/6/2019,7/18/2019,1,2,38,4719.85
1276,893,4,6/29/2019,7/7/2019,7/19/2019,2,6,44,1643.09
1277,227,4,6/30/2019,7/8/2019,7/20/2019,2,6,8,833.13
1278,980,4,7/1/2019,7/9/2019,7/21/2019,2,7,43,707.02
1279,1014,4,7/2/2019,7/10/2019,7/22/2019,2,6,15,1164.08
1280,123,4,7/3/2019,7/11/2019,7/23/2019,3,9,6,4577.98
1281,1060,4,7/4/2019,7/12/2019,7/24/2019,2,6,43,3558.46
1282,320,4,7/5/2019,7/13/2019,7/25/2019,2,6,39,2397.24
1283,85,4,7/6/2019,7/14/2019,7/26/2019,2,7,47,2231.76
1284,128,4,7/7/2019,7/15/2019,7/27/2019,2,7,27,3196.01
1285,262,4,7/8/2019,7/16/2019,7/28/2019,2,7,32,2686.61
1286,1033,4,7/9/2019,7/17/2019,7/29/2019,2,7,25,4338.02
1287,279,4,7/10/2019,7/18/2019,7/30/2019,1,3,8,1053.40
1288,778,4,7/11/2019,7/19/2019,7/31/2019,3,9,7,4551.33
1289,1292,4,7/12/2019,7/20/2019,8/1/2019,1,3,9,4348.82
1290,967,4,7/13/2019,7/21/2019,8/2/2019,2,6,3,1396.11
1291,1284,4,7/14/2019,7/22/2019,8/3/2019,2,6,24,3327.70
1292,285,4,7/15/2019,7/23/2019,8/4/2019,2,6,9,1652.20
1293,1401,4,7/16/2019,7/24/2019,8/5/2019,2,7,7,4449.13
1294,947,4,7/17/2019,7/25/2019,8/6/2019,1,2,16,1282.57
1295,37,4,7/18/2019,7/26/2019,8/7/2019,2,7,2,2363.26
1296,231,4,7/19/2019,7/27/2019,8/8/2019,1,3,4,979.06
1297,108,4,7/20/2019,7/28/2019,8/9/2019,2,6,14,3992.94
1298,533,4,7/21/2019,7/29/2019,8/10/2019,3,9,29,3824.68
1299,1216,4,7/22/2019,7/30/2019,8/11/2019,1,2,45,4689.18
1300,824,4,7/23/2019,7/31/2019,8/12/2019,2,6,19,4091.62
1301,1088,4,7/24/2019,8/1/2019,8/13/2019,1,3,11,3963.88
1302,322,4,7/25/2019,8/2/2019,8/14/2019,2,7,46,743.57
1303,878,4,7/26/2019,8/3/2019,8/15/2019,2,7,43,4155.73
1304,1409,4,7/27/2019,8/4/2019,8/16/2019,2,6,34,3560.06
1305,257,4,7/28/2019,8/5/2019,8/17/2019,2,7,23,2987.60
1306,28,4,7/29/2019,8/6/2019,8/18/2019,2,6,44,4083.15
1307,1384,4,7/30/2019,8/7/2019,8/19/2019,1,2,42,1872.83
1308,713,4,7/31/2019,8/8/2019,8/20/2019,2,7,49,1391.78
1309,821,4,8/1/2019,8/9/2019,8/21/2019,2,6,23,1873.59
1310,444,4,8/2/2019,8/10/2019,8/22/2019,1,3,6,1464.92
1311,1021,4,8/3/2019,8/11/2019,8/23/2019,2,6,37,613.81
1312,311,4,8/4/2019,8/12/2019,8/24/2019,1,3,31,4196.97
1313,1294,4,8/5/2019,8/13/2019,8/25/2019,1,3,4,904.88
1314,1027,4,8/6/2019,8/14/2019,8/26/2019,2,7,27,1684.55
1315,931,4,8/7/2019,8/15/2019,8/27/2019,3,9,23,3666.71
1316,846,4,8/8/2019,8/16/2019,8/28/2019,1,3,14,2115.37
1317,418,4,8/9/2019,8/17/2019,8/29/2019,1,3,1,1484.31
1318,75,4,8/10/2019,8/18/2019,8/30/2019,2,6,18,1194.93
1319,604,4,8/11/2019,8/19/2019,8/31/2019,2,6,43,1193.38
1320,244,4,8/12/2019,8/20/2019,9/1/2019,1,3,30,1175.66
1321,217,4,8/13/2019,8/21/2019,9/2/2019,1,3,38,3746.49
1322,39,4,8/14/2019,8/22/2019,9/3/2019,2,7,47,1111.48
1323,273,4,8/15/2019,8/23/2019,9/4/2019,2,6,33,2605.26
1324,862,4,8/16/2019,8/24/2019,9/5/2019,2,6,31,770.25
1325,68,4,8/17/2019,8/25/2019,9/6/2019,3,8,47,3077.33
1326,567,4,8/18/2019,8/26/2019,9/7/2019,3,9,20,4153.52
1327,1026,4,8/19/2019,8/27/2019,9/8/2019,2,6,31,3304.41
1328,1083,4,8/20/2019,8/28/2019,9/9/2019,2,6,35,4593.14
1329,443,4,8/21/2019,8/29/2019,9/10/2019,1,3,7,3508.79
1330,761,4,8/22/2019,8/30/2019,9/11/2019,2,7,,2296.25
1331,1122,4,8/23/2019,8/31/2019,9/12/2019,2,6,,1501.64
1332,256,4,8/24/2019,9/1/2019,9/13/2019,2,7,,2674.89
1333,203,4,8/25/2019,9/2/2019,9/14/2019,3,8,,4969.13
1334,425,4,8/26/2019,9/3/2019,9/15/2019,2,6,,3840.10
1335,955,4,8/27/2019,9/4/2019,9/16/2019,2,7,,2321.28
1336,904,4,8/28/2019,9/5/2019,9/17/2019,1,2,,2424.07
1337,970,4,8/29/2019,9/6/2019,9/18/2019,2,7,,3744.67
1338,905,4,8/30/2019,9/7/2019,9/19/2019,2,6,,4046.30
1339,580,4,8/31/2019,9/8/2019,9/20/2019,1,3,,1505.71
1340,1066,4,9/1/2019,9/9/2019,9/21/2019,1,3,,4571.37
1341,1258,4,9/2/2019,9/10/2019,9/22/2019,2,7,,2715.08
1342,1393,4,9/3/2019,9/11/2019,9/23/2019,2,7,,4711.39
1343,594,4,9/4/2019,9/12/2019,9/24/2019,2,6,,3406.96
1344,916,4,9/5/2019,9/13/2019,9/25/2019,2,6,,2275.10
1345,1037,4,9/6/2019,9/14/2019,9/26/2019,2,6,,2321.06
1346,136,4,9/7/2019,9/15/2019,9/27/2019,3,8,,1549.67
1347,247,4,9/8/2019,9/16/2019,9/28/2019,1,2,,4680.99
1348,1214,4,9/9/2019,9/17/2019,9/29/2019,1,2,,1111.55
1349,464,4,9/10/2019,9/18/2019,9/30/2019,2,6,,4193.81
1350,637,4,9/11/2019,9/19/2019,10/1/2019,2,7,,2820.32
1351,1016,4,9/12/2019,9/20/2019,10/2/2019,2,7,,3324.61
1352,1433,4,9/13/2019,9/21/2019,10/3/2019,2,6,,4165.11
1353,502,4,9/14/2019,9/22/2019,10/4/2019,2,6,,1346.71
1354,476,4,9/15/2019,9/23/2019,10/5/2019,1,3,,2398.67
1355,1010,4,9/16/2019,9/24/2019,10/6/2019,2,7,,1145.85
1356,1161,4,9/17/2019,9/25/2019,10/7/2019,2,6,,4180.41
1357,440,4,9/18/2019,9/26/2019,10/8/2019,2,6,,3813.21
1358,253,4,9/19/2019,9/27/2019,10/9/2019,1,2,,3623.75
1359,1008,4,9/20/2019,9/28/2019,10/10/2019,3,9,,4960.88
1360,71,4,9/21/2019,9/29/2019,10/11/2019,2,6,,920.71
1361,1084,4,9/22/2019,9/30/2019,10/12/2019,2,7,,3890.34
1362,310,4,9/23/2019,10/1/2019,10/13/2019,2,6,,954.59
1363,860,4,9/24/2019,10/2/2019,10/14/2019,2,6,,551.33
1364,122,4,9/25/2019,10/3/2019,10/15/2019,2,6,,1909.43
1365,689,4,9/26/2019,10/4/2019,10/16/2019,2,7,,1397.00
1366,1441,4,9/27/2019,10/5/2019,10/17/2019,2,6,,4388.22
1367,1118,4,9/28/2019,10/6/2019,10/18/2019,1,3,,4309.66
1368,765,4,9/29/2019,10/7/2019,10/19/2019,2,6,,4801.39
1369,92,4,9/30/2019,10/8/2019,10/20/2019,2,6,,2070.30
1370,115,4,10/1/2019,10/9/2019,10/21/2019,2,7,,4937.93
1371,937,4,10/2/2019,10/10/2019,10/22/2019,2,7,,2679.92
1372,1013,4,10/3/2019,10/11/2019,10/23/2019,2,6,,3125.42
1373,427,4,10/4/2019,10/12/2019,10/24/2019,3,9,,2307.00
1374,1330,4,10/5/2019,10/13/2019,10/25/2019,1,3,,1802.16
1375,312,4,10/6/2019,10/14/2019,10/26/2019,3,8,,1224.07
1376,1186,4,10/7/2019,10/15/2019,10/27/2019,1,2,,1949.84
1377,1007,4,10/8/2019,10/16/2019,10/28/2019,2,7,,3707.96
1378,983,4,10/9/2019,10/17/2019,10/29/2019,1,2,,1294.45
1379,1256,4,10/10/2019,10/18/2019,10/30/2019,2,6,,562.39
1380,818,4,10/11/2019,10/19/2019,10/31/2019,1,3,,2677.49
1381,680,4,10/12/2019,10/20/2019,11/1/2019,2,7,,2401.54
1382,1303,4,10/13/2019,10/21/2019,11/2/2019,2,6,,2294.28
1383,488,4,10/14/2019,10/22/2019,11/3/2019,1,3,,596.85
1384,1126,4,10/15/2019,10/23/2019,11/4/2019,2,7,,4754.80
1385,866,4,10/16/2019,10/24/2019,11/5/2019,3,9,,2637.05
1386,1254,4,10/17/2019,10/25/2019,11/6/2019,1,2,,4523.51
1387,11,4,10/18/2019,10/26/2019,11/7/2019,2,7,,3310.61
1388,323,4,10/19/2019,10/27/2019,11/8/2019,2,7,,1622.85
1389,491,4,10/20/2019,10/28/2019,11/9/2019,2,7,,1859.27
1390,63,4,10/21/2019,10/29/2019,11/10/2019,2,7,,1600.84
1391,914,4,10/22/2019,10/30/2019,11/11/2019,2,7,,4625.40
1392,1187,4,10/23/2019,10/31/2019,11/12/2019,2,6,,2982.39
1393,547,4,10/24/2019,11/1/2019,11/13/2019,2,7,,2702.24
1394,906,4,10/25/2019,11/2/2019,11/14/2019,3,8,,4689.95
1395,1052,4,10/26/2019,11/3/2019,11/15/2019,1,3,,2970.46
1396,856,4,10/27/2019,11/4/2019,11/16/2019,2,7,,503.03
1397,920,4,10/28/2019,11/5/2019,11/17/2019,2,6,,1587.27
1398,1383,4,10/29/2019,11/6/2019,11/18/2019,1,3,,2810.29
1399,146,4,10/30/2019,11/7/2019,11/19/2019,2,6,,3911.50
1400,987,4,10/31/2019,11/8/2019,11/20/2019,2,6,,4249.23
1401,15,4,11/1/2019,11/9/2019,11/21/2019,2,7,,4856.25
1402,1171,4,11/2/2019,11/10/2019,11/22/2019,2,6,,2387.70
1403,452,4,11/3/2019,11/11/2019,11/23/2019,2,7,,864.07
1404,1240,4,11/4/2019,11/12/2019,11/24/2019,1,3,,516.34
1405,100,4,11/5/2019,11/13/2019,11/25/2019,2,6,,1573.25
1406,1053,4,11/6/2019,11/14/2019,11/26/2019,2,7,,769.97
1407,18,3,11/7/2019,11/15/2019,11/27/2019,2,6,,4475.82
1408,1172,4,11/8/2019,11/16/2019,11/28/2019,2,6,,3371.42
1409,21,4,11/9/2019,11/17/2019,11/29/2019,3,8,,4755.96
1410,1005,4,11/10/2019,11/18/2019,11/30/2019,2,7,,1359.81
1411,109,4,11/11/2019,11/19/2019,12/1/2019,1,2,,2631.63
1412,1043,4,11/12/2019,11/20/2019,12/2/2019,2,7,,3977.23
1413,56,4,11/13/2019,11/21/2019,12/3/2019,3,8,,2253.48
1414,293,4,11/14/2019,11/22/2019,12/4/2019,2,7,,4005.61
1415,839,4,11/15/2019,11/23/2019,12/5/2019,2,7,,1042.25
1416,566,4,11/16/2019,11/24/2019,12/6/2019,3,8,,2368.63
1417,300,4,11/17/2019,11/25/2019,12/7/2019,1,2,,3943.24
1418,364,4,11/18/2019,11/26/2019,12/8/2019,2,6,,2452.23
1419,474,4,11/19/2019,11/27/2019,12/9/2019,2,6,,1184.88
1420,838,4,11/20/2019,11/28/2019,12/10/2019,2,7,,1196.68
1421,1176,4,11/21/2019,11/29/2019,12/11/2019,2,7,,567.12
1422,599,4,11/22/2019,11/30/2019,12/12/2019,3,8,,2248.41
1423,1231,4,11/23/2019,12/1/2019,12/13/2019,1,2,,3328.03
1424,1445,4,11/24/2019,12/2/2019,12/14/2019,1,2,,2539.39
1425,126,4,11/25/2019,12/3/2019,12/15/2019,2,6,,4596.79
1426,938,4,11/26/2019,12/4/2019,12/16/2019,2,6,,3708.79
1427,999,4,11/27/2019,12/5/2019,12/17/2019,2,6,,2587.91
1428,195,4,11/28/2019,12/6/2019,12/18/2019,2,7,,3674.98
1429,1116,4,11/29/2019,12/7/2019,12/19/2019,2,6,,3849.72
1430,1239,4,11/30/2019,12/8/2019,12/20/2019,2,7,,1713.13
1431,308,4,12/1/2019,12/9/2019,12/21/2019,2,6,,1702.39
1432,483,4,12/2/2019,12/10/2019,12/22/2019,2,6,,3560.20
1433,1142,4,12/3/2019,12/11/2019,12/23/2019,2,7,,3679.22
1434,595,4,12/4/2019,12/12/2019,12/24/2019,2,6,,4189.44
1435,744,4,12/5/2019,12/13/2019,12/25/2019,2,6,,4331.18
1436,1044,4,12/6/2019,12/14/2019,12/26/2019,2,6,,1997.84
1437,518,4,12/7/2019,12/15/2019,12/27/2019,1,2,,3117.63
1438,263,4,12/8/2019,12/16/2019,12/28/2019,2,6,,1939.55
1439,463,4,12/9/2019,12/17/2019,12/29/2019,2,7,,2363.99
1440,859,4,12/10/2019,12/18/2019,12/30/2019,3,8,,1318.86
1441,982,4,12/11/2019,12/19/2019,12/31/2019,3,8,,3007.45
1442,478,4,12/12/2019,12/20/2019,1/1/2020,2,7,,2221.49
1443,972,4,12/13/2019,12/21/2019,1/2/2020,2,7,,544.77
1444,1154,4,12/14/2019,12/22/2019,1/3/2020,2,6,,2736.71
1445,515,4,12/15/2019,12/23/2019,1/4/2020,2,7,,3746.10
1446,820,4,12/16/2019,12/24/2019,1/5/2020,2,6,,3814.70
1447,1419,4,12/17/2019,12/25/2019,1/6/2020,1,3,,3171.01
1448,228,4,12/18/2019,12/26/2019,1/7/2020,2,6,,4799.56
1449,330,4,12/19/2019,12/27/2019,1/8/2020,2,7,,4879.90
1450,296,4,12/20/2019,12/28/2019,1/9/2020,2,7,,1092.39
1451,822,4,12/21/2019,12/29/2019,1/10/2020,2,6,,1828.60
1452,287,4,12/22/2019,12/30/2019,1/11/2020,1,3,,3735.12
1453,601,4,12/23/2019,12/31/2019,1/12/2020,1,3,,3491.73
1454,395,4,12/24/2019,1/1/2020,1/13/2020,2,6,,3528.63
1455,405,4,12/25/2019,1/2/2020,1/14/2020,2,6,,4482.11
1456,754,4,12/26/2019,1/3/2020,1/15/2020,2,7,,2383.50
1457,1411,4,12/27/2019,1/4/2020,1/16/2020,2,6,,3186.46
1458,1029,4,12/28/2019,1/5/2020,1/17/2020,3,8,,1495.89
1459,9,4,12/29/2019,1/6/2020,1/18/2020,2,7,,1306.73
1460,1131,4,12/30/2019,1/7/2020,1/19/2020,2,7,,3295.94
1461,139,4,12/31/2019,1/8/2020,1/20/2020,2,6,,3401.69
1462,1101,4,1/1/2020,1/9/2020,1/21/2020,2,6,,1314.67
1463,692,4,1/2/2020,1/10/2020,1/22/2020,2,7,,1368.94
1464,1279,4,1/3/2020,1/11/2020,1/23/2020,2,7,,869.65
1465,623,4,1/4/2020,1/12/2020,1/24/2020,2,7,,2617.06
1466,738,4,1/5/2020,1/13/2020,1/25/2020,1,3,,2753.91
1467,152,4,1/6/2020,1/14/2020,1/26/2020,2,7,,2280.49
1468,3,4,1/7/2020,1/15/2020,1/27/2020,1,2,,3941.38
1469,1135,4,1/8/2020,1/16/2020,1/28/2020,3,8,,2878.97
1470,505,4,1/9/2020,1/17/2020,1/29/2020,2,7,,1975.06
1471,1310,4,1/10/2020,1/18/2020,1/30/2020,2,7,,2661.15
1472,114,4,1/11/2020,1/19/2020,1/31/2020,2,6,,4178.80
1473,302,4,1/12/2020,1/20/2020,2/1/2020,1,2,,4653.58
1474,816,4,1/13/2020,1/21/2020,2/2/2020,1,3,,3019.87
1475,112,4,1/14/2020,1/22/2020,2/3/2020,2,6,,4436.23
1476,35,4,1/15/2020,1/23/2020,2/4/2020,2,7,,3507.36
1477,180,4,1/16/2020,1/24/2020,2/5/2020,2,6,,3158.75
1478,392,4,1/17/2020,1/25/2020,2/6/2020,2,6,,3345.20
1479,23,2,1/18/2020,1/26/2020,2/7/2020,2,7,,551.88
1480,27,2,1/19/2020,1/27/2020,2/8/2020,2,7,,4228.59
1481,62,1,1/20/2020,1/28/2020,,2,6,,835.01
1482,94,1,1/21/2020,1/29/2020,,2,7,,858.79
1483,15,1,1/22/2020,1/30/2020,,2,7,,3406.50
1484,35,2,1/23/2020,1/31/2020,,2,6,,4410.70
1485,51,2,1/24/2020,2/1/2020,,2,7,,4943.73
1486,84,2,1/25/2020,2/2/2020,,2,7,,1058.94
1487,33,1,1/26/2020,2/3/2020,,1,3,,650.16
1488,181,2,1/27/2020,2/4/2020,,1,3,,3832.85
1489,194,1,1/28/2020,2/5/2020,,1,3,,3372.60
1490,217,2,1/29/2020,2/6/2020,,1,3,,538.46
1491,82,1,1/30/2020,2/7/2020,,1,3,,3986.60
1492,41,1,1/31/2020,2/8/2020,,2,7,,4097.99
1493,64,2,2/1/2020,2/9/2020,,3,8,,3172.73
1494,69,2,2/2/2020,2/10/2020,,1,3,,1765.05
1495,86,2,2/3/2020,2/11/2020,,2,7,,3577.45
1496,3,1,2/4/2020,2/12/2020,,1,3,,4174.05
1497,31,2,2/5/2020,2/13/2020,,1,2,,4967.35
1498,81,1,2/6/2020,2/14/2020,,1,2,,2331.95
1499,120,2,2/7/2020,2/15/2020,,1,2,,3972.46
1500,151,2,2/8/2020,2/16/2020,,1,3,,3665.97
1501,52,1,2/9/2020,2/17/2020,,2,6,,2676.15
1502,83,2,2/10/2020,2/18/2020,,2,6,,599.78
1503,208,2,2/11/2020,2/19/2020,,1,3,,4720.73
1504,237,2,2/12/2020,2/20/2020,,1,2,,4286.88
1505,22,1,2/13/2020,2/21/2020,,2,7,,517.83
1506,75,1,2/14/2020,2/22/2020,,2,7,,715.84
1507,85,2,2/15/2020,2/23/2020,,2,6,,1924.94
1508,92,2,2/16/2020,2/24/2020,,2,6,,1390.87
1509,2,1,2/17/2020,2/25/2020,,1,3,,3770.54
1510,16,2,2/18/2020,2/26/2020,,2,6,,3093.95
1511,25,1,2/19/2020,2/27/2020,,2,6,,3150.07
1512,68,1,2/20/2020,2/28/2020,,3,9,,2620.06
1513,32,2,2/21/2020,2/29/2020,,1,2,,1494.71
1514,87,2,2/22/2020,3/1/2020,,1,3,,1470.09
1515,61,1,2/23/2020,3/2/2020,,3,9,,3573.90
1516,47,2,2/24/2020,3/3/2020,,1,3,,602.87
1517,97,1,2/25/2020,3/4/2020,,1,2,,4090.46
1518,175,1,2/26/2020,3/5/2020,,1,2,,2988.04
1519,26,2,2/27/2020,3/6/2020,,2,7,,2410.24
1520,66,2,2/28/2020,3/7/2020,,3,8,,3655.72
1521,53,1,2/29/2020,3/8/2020,,1,3,,1425.10
1522,78,1,3/1/2020,3/9/2020,,1,3,,1254.84
1523,8,1,3/2/2020,3/10/2020,,2,7,,4553.47
1524,37,1,3/3/2020,3/11/2020,,2,6,,3895.03
1525,38,2,3/4/2020,3/12/2020,,2,7,,3984.57
1526,59,2,3/5/2020,3/13/2020,,2,7,,3786.12
1527,13,2,3/6/2020,3/14/2020,,3,9,,2758.08
1528,20,1,3/7/2020,3/15/2020,,3,8,,693.35
1529,50,1,3/8/2020,3/16/2020,,3,8,,948.19
1530,110,1,3/9/2020,3/17/2020,,1,2,,4825.70
1531,233,1,3/10/2020,3/18/2020,,1,2,,905.23
1532,7,2,3/11/2020,3/19/2020,,2,7,,2935.16
1533,28,2,3/12/2020,3/20/2020,,2,6,,4157.91
1534,18,2,3/13/2020,3/21/2020,,2,7,,1891.85
1535,19,2,3/14/2020,3/22/2020,,2,7,,3756.83
1536,34,2,3/15/2020,3/23/2020,,2,7,,2543.53
1537,36,1,3/16/2020,3/24/2020,,2,6,,1374.25
1538,79,2,3/17/2020,3/25/2020,,2,6,,1062.38
1539,116,1,3/18/2020,3/26/2020,,3,9,,1878.85
1540,187,1,3/19/2020,3/27/2020,,1,2,,3988.17
1541,10,2,3/20/2020,3/28/2020,,2,7,,3271.67
1542,58,2,3/21/2020,3/29/2020,,2,6,,2959.45
1543,76,1,3/22/2020,3/30/2020,,2,6,,1034.46
1544,5,1,3/23/2020,3/31/2020,,1,2,,599.23
1545,67,1,3/24/2020,4/1/2020,,1,3,,1937.35
1546,91,2,3/25/2020,4/2/2020,,1,3,,2146.26
1547,169,1,3/26/2020,4/3/2020,,1,3,,2107.86
1548,170,1,3/27/2020,4/4/2020,,1,2,,4351.92
1549,17,1,3/28/2020,4/5/2020,,2,7,,1755.68
1550,39,1,3/29/2020,4/6/2020,,2,6,,2237.54
1551,70,1,3/30/2020,4/7/2020,,2,7,,1807.85
1552,73,1,3/31/2020,4/8/2020,,2,7,,1802.63
1553,30,2,4/1/2020,4/9/2020,,1,3,,3560.19
1554,172,1,4/2/2020,4/10/2020,,1,3,,2518.22
1555,1,1,4/3/2020,4/11/2020,,2,7,,3414.94
1556,4,2,4/4/2020,4/12/2020,,2,6,,4903.80
1557,121,2,4/5/2020,4/13/2020,,1,3,,2979.12
1558,63,1,4/6/2020,4/14/2020,,2,6,,2895.77
1559,42,2,4/7/2020,4/15/2020,,2,6,,4055.41
1560,57,1,4/8/2020,4/16/2020,,2,7,,2245.67
1561,65,2,4/9/2020,4/17/2020,,2,7,,3101.94
1562,88,1,4/10/2020,4/18/2020,,2,7,,4983.83
1563,77,2,4/11/2020,4/19/2020,,3,9,,2883.23
1564,46,1,4/12/2020,4/20/2020,,1,3,,4005.96
1565,60,2,4/13/2020,4/21/2020,,1,2,,4631.93
1566,72,1,4/14/2020,4/22/2020,,1,3,,3332.41
1567,89,2,4/15/2020,4/23/2020,,1,2,,1993.12
1568,192,2,4/16/2020,4/24/2020,,1,3,,749.27
1569,29,2,4/17/2020,4/25/2020,,2,7,,1091.51
1570,54,2,4/18/2020,4/26/2020,,2,7,,1088.13
1571,80,1,4/19/2020,4/27/2020,,2,7,,2109.82
1572,14,1,4/20/2020,4/28/2020,,3,9,,3654.34
1573,24,2,4/21/2020,4/29/2020,,1,2,,4116.78
1574,124,1,4/22/2020,4/30/2020,,1,2,,4516.57
1575,224,2,4/23/2020,5/1/2020,,1,3,,2815.94
1576,12,2,4/24/2020,5/2/2020,,2,7,,601.33
1577,48,1,4/25/2020,5/3/2020,,2,7,,914.01
1578,93,2,4/26/2020,5/4/2020,,2,7,,972.89
1579,104,2,4/27/2020,5/5/2020,,1,2,,3459.67
1580,191,2,4/28/2020,5/6/2020,,1,2,,3897.65
1581,188,2,4/29/2020,5/7/2020,,1,2,,3150.24
1582,240,1,4/30/2020,5/8/2020,,1,3,,4035.11
1583,44,1,5/1/2020,5/9/2020,,2,6,,1280.05
1584,109,2,5/2/2020,5/10/2020,,1,3,,3452.21
1585,157,1,5/3/2020,5/11/2020,,1,3,,2463.04
1586,176,1,5/4/2020,5/12/2020,,1,2,,1482.47
1587,231,2,5/5/2020,5/13/2020,,1,2,,805.59
1588,11,1,5/6/2020,5/14/2020,,2,6,,1184.40
1589,40,2,5/7/2020,5/15/2020,,1,3,,3416.83
1590,138,1,5/8/2020,5/16/2020,,1,3,,3382.92
1591,165,2,5/9/2020,5/17/2020,,1,2,,4609.83
1592,6,2,5/10/2020,5/18/2020,,2,7,,4870.43
1593,9,1,5/11/2020,5/19/2020,,2,6,,4305.75
1594,45,1,5/12/2020,5/20/2020,,2,7,,1834.84
1595,71,2,5/13/2020,5/21/2020,,2,7,,3903.01
1596,21,2,5/14/2020,5/22/2020,,3,8,,2235.11
1597,56,1,5/15/2020,5/23/2020,,3,9,,3307.08
1598,239,2,5/16/2020,5/24/2020,,1,3,,1239.81
1599,49,1,5/17/2020,5/25/2020,,2,7,,3894.53
1600,90,1,5/18/2020,5/26/2020,,2,6,,2416.49
1601,43,1,5/19/2020,5/27/2020,,3,8,,4999.89
1602,55,1,5/20/2020,5/28/2020,,2,6,,1799.16
1603,74,2,5/21/2020,5/29/2020,,2,6,,3523.35
1604,7,3,5/22/2020,5/30/2020,,2,7,,3406.08
1605,123,3,5/23/2020,5/31/2020,,3,8,,1028.03
1606,119,3,5/24/2020,6/1/2020,,3,8,,2020.78
1607,33,3,5/25/2020,6/2/2020,,1,2,,2391.07
1608,53,3,5/26/2020,6/3/2020,,1,2,,2911.06
1609,10,3,5/27/2020,6/4/2020,,2,7,,2619.25
1610,15,3,5/28/2020,6/5/2020,,2,7,,2121.68
1611,6,3,5/29/2020,6/6/2020,,2,7,,2321.55
1612,3,3,5/30/2020,6/7/2020,,1,3,,4230.76
1613,1,3,5/31/2020,6/8/2020,,2,6,,4626.37
1614,135,3,6/1/2020,6/9/2020,,3,8,,3168.26
1615,136,3,6/2/2020,6/10/2020,,3,8,,1804.33
