order_id,item_id,product_id,quantity,list_price,discount
1418,1,120,2,2499.99,0.2
1549,2,119,1,469.99,0.05
1556,4,119,2,469.99,0.05
1580,1,119,2,469.99,0.07
1379,2,118,1,999.99,0.1
1560,1,118,2,999.99,0.2
1451,1,117,1,1469.99,0.05
1522,3,117,1,1469.99,0.07
1534,2,117,1,1469.99,0.05
1538,3,117,1,1469.99,0.07
1440,1,116,2,749.99,0.07
1530,2,116,1,749.99,0.1
1366,1,115,1,3199.99,0.1
1467,2,115,1,3199.99,0.2
1562,3,115,2,3199.99,0.07
1572,3,115,1,3199.99,0.05
1408,3,114,1,579.99,0.07
1601,1,114,2,579.99,0.2
1368,2,113,2,489.99,0.07
1406,2,113,1,489.99,0.1
1423,4,113,2,489.99,0.2
1457,1,113,1,489.99,0.07
1482,2,113,1,489.99,0.05
1486,3,113,1,489.99,0.1
1401,1,112,1,379.99,0.07
1404,1,112,2,379.99,0.05
1595,1,112,1,379.99,0.2
716,1,111,2,470.99,0.1
720,1,111,1,470.99,0.07
766,1,111,1,470.99,0.2
803,1,111,1,470.99,0.07
875,4,111,1,470.99,0.2
957,5,111,1,470.99,0.05
984,4,111,1,470.99,0.2
1000,2,111,1,470.99,0.1
1001,4,111,1,470.99,0.07
1028,1,111,2,470.99,0.1
1062,2,111,2,470.99,0.2
1075,2,111,2,470.99,0.05
1156,1,111,2,470.99,0.05
1269,3,111,1,470.99,0.1
1282,1,111,1,470.99,0.05
1318,3,111,1,470.99,0.2
1457,2,111,1,470.99,0.2
1577,2,111,2,470.99,0.1
654,3,110,2,470.99,0.07
747,1,110,1,470.99,0.07
770,1,110,1,470.99,0.05
942,2,110,2,470.99,0.1
975,1,110,2,470.99,0.2
982,2,110,1,470.99,0.07
1070,1,110,1,470.99,0.2
1121,2,110,2,470.99,0.05
1174,1,110,2,470.99,0.2
1216,4,110,2,470.99,0.07
1232,2,110,2,470.99,0.05
1298,2,110,2,470.99,0.07
1364,4,110,1,470.99,0.07
1378,4,110,1,470.99,0.07
1470,1,110,2,470.99,0.1
1499,1,110,1,470.99,0.05
640,5,109,2,416.99,0.2
671,5,109,2,416.99,0.07
690,4,109,2,416.99,0.2
758,5,109,1,416.99,0.2
781,1,109,2,416.99,0.05
849,1,109,1,416.99,0.2
865,1,109,2,416.99,0.1
1010,1,109,2,416.99,0.1
1033,2,109,2,416.99,0.1
1069,1,109,1,416.99,0.07
1087,5,109,2,416.99,0.2
1124,3,109,2,416.99,0.07
1142,3,109,2,416.99,0.05
1199,3,109,2,416.99,0.1
1286,1,109,2,416.99,0.2
1412,3,109,2,416.99,0.07
1440,2,109,1,416.99,0.07
1452,4,109,2,416.99,0.07
1464,1,109,2,416.99,0.05
1508,2,109,1,416.99,0.1
670,1,108,1,449.99,0.1
713,4,108,2,449.99,0.07
723,3,108,1,449.99,0.07
827,4,108,1,449.99,0.2
836,1,108,2,449.99,0.2
882,2,108,2,449.99,0.2
900,2,108,1,449.99,0.07
937,1,108,2,449.99,0.1
957,1,108,2,449.99,0.05
978,3,108,2,449.99,0.05
1028,5,108,1,449.99,0.2
1031,2,108,2,449.99,0.2
1086,1,108,1,449.99,0.07
1142,4,108,2,449.99,0.2
1178,3,108,1,449.99,0.05
1197,2,108,2,449.99,0.05
1211,5,108,2,449.99,0.2
1224,3,108,1,449.99,0.05
1267,3,108,1,449.99,0.2
1303,3,108,1,449.99,0.1
1543,1,108,2,449.99,0.1
685,3,107,1,416.99,0.05
742,1,107,2,416.99,0.05
820,1,107,1,416.99,0.05
821,4,107,1,416.99,0.05
871,4,107,2,416.99,0.05
876,4,107,2,416.99,0.05
891,1,107,2,416.99,0.1
939,2,107,2,416.99,0.2
1094,4,107,1,416.99,0.2
1168,4,107,2,416.99,0.2
1240,1,107,2,416.99,0.1
1321,2,107,1,416.99,0.1
1329,2,107,1,416.99,0.05
1353,1,107,2,416.99,0.05
1544,2,107,2,416.99,0.2
1593,4,107,1,416.99,0.05
637,2,106,2,449.99,0.1
640,1,106,2,449.99,0.05
662,5,106,2,449.99,0.07
663,5,106,1,449.99,0.2
699,1,106,2,449.99,0.1
707,1,106,2,449.99,0.05
840,3,106,2,449.99,0.2
869,2,106,2,449.99,0.05
871,1,106,1,449.99,0.2
885,1,106,1,449.99,0.07
895,1,106,1,449.99,0.07
911,2,106,1,449.99,0.05
914,3,106,1,449.99,0.05
978,1,106,2,449.99,0.05
999,2,106,1,449.99,0.05
1007,5,106,2,449.99,0.1
1097,2,106,2,449.99,0.07
1103,1,106,1,449.99,0.2
1113,1,106,1,449.99,0.07
1139,1,106,2,449.99,0.05
1174,3,106,1,449.99,0.1
1186,3,106,1,449.99,0.1
1197,4,106,2,449.99,0.2
1217,2,106,2,449.99,0.05
1387,1,106,1,449.99,0.1
1547,1,106,2,449.99,0.2
1585,2,106,2,449.99,0.1
677,3,105,2,533.99,0.07
753,1,105,2,533.99,0.07
815,1,105,2,533.99,0.2
817,2,105,2,533.99,0.07
829,2,105,2,533.99,0.1
890,2,105,2,533.99,0.1
897,1,105,1,533.99,0.05
945,1,105,1,533.99,0.05
961,1,105,1,533.99,0.1
997,2,105,2,533.99,0.2
998,2,105,1,533.99,0.2
1057,1,105,1,533.99,0.2
1101,1,105,1,533.99,0.07
1108,3,105,1,533.99,0.07
1136,1,105,1,533.99,0.1
1138,2,105,2,533.99,0.05
1145,1,105,2,533.99,0.07
1194,3,105,2,533.99,0.1
1198,1,105,1,533.99,0.05
1205,1,105,2,533.99,0.2
1301,2,105,2,533.99,0.1
1458,2,105,1,533.99,0.05
1568,2,105,1,533.99,0.07
1594,2,105,1,533.99,0.1
1609,4,105,1,533.99,0.2
670,3,104,2,481.99,0.2
676,2,104,2,481.99,0.07
686,5,104,1,481.99,0.2
693,1,104,2,481.99,0.2
702,2,104,1,481.99,0.1
722,3,104,2,481.99,0.1
1024,1,104,1,481.99,0.2
1045,2,104,2,481.99,0.05
1119,3,104,1,481.99,0.2
1150,3,104,2,481.99,0.07
1172,2,104,1,481.99,0.2
1207,1,104,1,481.99,0.05
1249,2,104,1,481.99,0.05
1297,1,104,2,481.99,0.07
1315,1,104,2,481.99,0.07
1320,1,104,1,481.99,0.1
1322,2,104,2,481.99,0.05
1390,4,104,1,481.99,0.05
1587,1,104,1,481.99,0.1
1599,1,104,2,481.99,0.2
638,1,103,1,551.99,0.05
694,4,103,2,551.99,0.2
763,2,103,1,551.99,0.1
770,3,103,1,551.99,0.2
772,1,103,1,551.99,0.07
810,1,103,2,551.99,0.05
818,1,103,1,551.99,0.05
829,1,103,1,551.99,0.2
846,5,103,2,551.99,0.07
877,2,103,1,551.99,0.1
878,1,103,1,551.99,0.2
942,4,103,1,551.99,0.05
967,4,103,1,551.99,0.2
1052,2,103,1,551.99,0.05
1058,3,103,1,551.99,0.07
1065,2,103,2,551.99,0.05
1131,2,103,2,551.99,0.05
1153,1,103,1,551.99,0.1
1164,3,103,2,551.99,0.05
1166,1,103,2,551.99,0.07
1173,4,103,2,551.99,0.2
1207,2,103,1,551.99,0.1
1223,1,103,1,551.99,0.05
1278,1,103,2,551.99,0.1
1287,3,103,1,551.99,0.1
1306,1,103,2,551.99,0.05
1344,2,103,2,551.99,0.2
1527,2,103,1,551.99,0.05
651,3,102,2,489.99,0.05
652,1,102,1,489.99,0.1
662,3,102,2,489.99,0.07
721,2,102,1,489.99,0.1
724,3,102,1,489.99,0.05
733,3,102,2,489.99,0.1
762,1,102,2,489.99,0.05
803,3,102,1,489.99,0.07
815,2,102,2,489.99,0.2
821,1,102,1,489.99,0.07
906,4,102,2,489.99,0.1
908,3,102,2,489.99,0.1
941,2,102,2,489.99,0.05
992,2,102,1,489.99,0.1
1025,2,102,1,489.99,0.1
1076,2,102,1,489.99,0.07
1087,2,102,2,489.99,0.07
1189,2,102,2,489.99,0.1
1213,3,102,2,489.99,0.1
1218,2,102,2,489.99,0.05
1304,3,102,1,489.99,0.2
1330,4,102,2,489.99,0.05
1439,3,102,2,489.99,0.05
1473,2,102,1,489.99,0.07
1553,1,102,1,489.99,0.07
664,4,101,2,339.99,0.2
709,2,101,2,339.99,0.07
729,1,101,2,339.99,0.1
779,1,101,1,339.99,0.05
801,1,101,1,339.99,0.07
850,1,101,2,339.99,0.07
867,1,101,1,339.99,0.05
894,1,101,2,339.99,0.2
912,3,101,1,339.99,0.05
948,3,101,1,339.99,0.2
992,4,101,2,339.99,0.2
995,3,101,1,339.99,0.1
1015,3,101,2,339.99,0.1
1034,1,101,1,339.99,0.1
1055,2,101,2,339.99,0.2
1135,1,101,2,339.99,0.05
1226,2,101,1,339.99,0.2
1238,4,101,1,339.99,0.1
1264,1,101,1,339.99,0.07
1284,1,101,1,339.99,0.07
1299,2,101,1,339.99,0.05
1300,1,101,2,339.99,0.07
1443,3,101,2,339.99,0.1
1455,1,101,2,339.99,0.05
1559,1,101,2,339.99,0.07
1612,3,101,2,339.99,0.2
704,3,100,2,489.99,0.07
707,2,100,1,489.99,0.07
719,1,100,1,489.99,0.2
789,1,100,2,489.99,0.2
810,2,100,1,489.99,0.2
814,2,100,1,489.99,0.1
830,2,100,2,489.99,0.07
838,3,100,2,489.99,0.05
841,5,100,1,489.99,0.1
848,2,100,2,489.99,0.2
879,1,100,2,489.99,0.2
942,5,100,1,489.99,0.05
972,1,100,1,489.99,0.2
1002,1,100,1,489.99,0.05
1017,3,100,1,489.99,0.2
1063,2,100,2,489.99,0.07
1108,2,100,1,489.99,0.07
1142,5,100,2,489.99,0.05
1191,3,100,1,489.99,0.07
1221,1,100,1,489.99,0.05
1256,2,100,1,489.99,0.1
1261,3,100,1,489.99,0.05
1268,4,100,1,489.99,0.07
1287,4,100,2,489.99,0.05
1352,5,100,1,489.99,0.05
1469,4,100,2,489.99,0.05
1478,1,100,2,489.99,0.1
1521,1,100,1,489.99,0.2
645,1,99,1,299.99,0.07
667,4,99,1,299.99,0.1
682,3,99,1,299.99,0.2
746,1,99,1,299.99,0.1
758,2,99,1,299.99,0.1
782,3,99,1,299.99,0.07
795,2,99,2,299.99,0.05
853,1,99,1,299.99,0.05
862,2,99,1,299.99,0.2
989,1,99,1,299.99,0.05
993,4,99,2,299.99,0.07
1005,3,99,1,299.99,0.1
1011,2,99,2,299.99,0.2
1050,2,99,2,299.99,0.1
1097,1,99,1,299.99,0.05
1143,1,99,1,299.99,0.2
1238,3,99,2,299.99,0.2
1258,2,99,2,299.99,0.05
1304,2,99,2,299.99,0.05
1320,3,99,2,299.99,0.2
1333,3,99,2,299.99,0.1
1343,2,99,1,299.99,0.05
1452,1,99,2,299.99,0.1
1490,1,99,1,299.99,0.1
666,1,98,2,489.99,0.2
685,4,98,2,489.99,0.2
881,1,98,1,489.99,0.07
942,1,98,2,489.99,0.05
1024,3,98,2,489.99,0.2
1057,3,98,2,489.99,0.05
1084,3,98,2,489.99,0.2
1097,3,98,2,489.99,0.07
1149,1,98,2,489.99,0.07
1181,1,98,1,489.99,0.1
1450,1,98,1,489.99,0.07
1486,2,98,1,489.99,0.05
649,1,97,2,349.99,0.1
654,4,97,2,349.99,0.07
713,2,97,2,349.99,0.1
806,2,97,1,349.99,0.2
837,2,97,1,349.99,0.1
924,1,97,2,349.99,0.2
925,1,97,1,349.99,0.07
1014,1,97,1,349.99,0.2
1018,2,97,2,349.99,0.1
1040,1,97,1,349.99,0.1
1044,1,97,2,349.99,0.1
1057,2,97,1,349.99,0.05
1091,1,97,1,349.99,0.05
1115,1,97,2,349.99,0.2
1134,1,97,1,349.99,0.1
1209,2,97,1,349.99,0.05
1221,5,97,2,349.99,0.07
1222,1,97,1,349.99,0.2
1384,4,97,1,349.99,0.05
1543,4,97,2,349.99,0.05
1591,3,97,2,349.99,0.07
1593,1,97,2,349.99,0.2
672,2,96,2,349.99,0.2
698,1,96,1,349.99,0.07
730,3,96,2,349.99,0.07
808,1,96,2,349.99,0.05
813,1,96,2,349.99,0.1
830,3,96,2,349.99,0.2
876,3,96,1,349.99,0.07
897,2,96,1,349.99,0.05
955,3,96,1,349.99,0.05
1024,4,96,2,349.99,0.1
1035,1,96,1,349.99,0.2
1050,1,96,2,349.99,0.07
1106,1,96,1,349.99,0.1
1127,2,96,2,349.99,0.07
1303,1,96,1,349.99,0.1
1307,1,96,2,349.99,0.07
1378,1,96,2,349.99,0.07
1487,5,96,2,349.99,0.2
1533,3,96,1,349.99,0.1
1609,1,96,1,349.99,0.2
646,3,95,1,299.99,0.05
654,2,95,1,299.99,0.1
662,2,95,2,299.99,0.2
687,2,95,1,299.99,0.07
711,2,95,2,299.99,0.2
745,1,95,2,299.99,0.05
753,4,95,1,299.99,0.07
757,1,95,1,299.99,0.1
764,2,95,2,299.99,0.05
793,2,95,2,299.99,0.05
795,1,95,2,299.99,0.05
800,5,95,2,299.99,0.05
860,5,95,2,299.99,0.05
880,2,95,1,299.99,0.1
981,2,95,2,299.99,0.05
1008,3,95,1,299.99,0.07
1009,1,95,2,299.99,0.07
1027,1,95,2,299.99,0.1
1076,1,95,1,299.99,0.1
1111,1,95,1,299.99,0.05
1158,1,95,2,299.99,0.1
1173,1,95,1,299.99,0.2
1201,1,95,1,299.99,0.07
1237,3,95,2,299.99,0.2
1267,4,95,1,299.99,0.05
1273,1,95,2,299.99,0.07
1294,1,95,2,299.99,0.05
1491,1,95,2,299.99,0.2
1522,1,95,1,299.99,0.1
1565,4,95,1,299.99,0.07
1585,4,95,1,299.99,0.1
651,4,94,2,249.99,0.05
663,3,94,1,249.99,0.05
740,2,94,2,249.99,0.2
783,3,94,1,249.99,0.05
819,1,94,1,249.99,0.2
908,2,94,1,249.99,0.1
945,2,94,2,249.99,0.2
1041,3,94,2,249.99,0.1
1048,3,94,1,249.99,0.05
1070,3,94,1,249.99,0.05
1120,5,94,1,249.99,0.2
1148,4,94,2,249.99,0.1
1149,5,94,1,249.99,0.1
1171,1,94,2,249.99,0.2
1199,2,94,2,249.99,0.07
1242,1,94,1,249.99,0.05
1248,1,94,2,249.99,0.05
1258,1,94,2,249.99,0.1
1314,3,94,1,249.99,0.1
713,1,93,2,209.99,0.2
716,2,93,2,209.99,0.07
717,2,93,1,209.99,0.2
759,1,93,2,209.99,0.05
789,2,93,2,209.99,0.07
806,1,93,2,209.99,0.1
848,1,93,1,209.99,0.07
851,2,93,1,209.99,0.05
855,2,93,2,209.99,0.2
863,1,93,2,209.99,0.1
1019,4,93,2,209.99,0.2
1069,2,93,1,209.99,0.1
1119,1,93,2,209.99,0.1
1120,4,93,1,209.99,0.07
1138,3,93,1,209.99,0.1
1179,1,93,2,209.99,0.05
1211,4,93,1,209.99,0.1
1277,2,93,2,209.99,0.05
1285,2,93,1,209.99,0.1
1320,2,93,1,209.99,0.05
1332,2,93,2,209.99,0.05
1403,1,93,2,209.99,0.1
1425,3,93,1,209.99,0.07
1543,2,93,1,209.99,0.2
1588,1,93,2,209.99,0.07
714,1,92,2,209.99,0.2
718,1,92,2,209.99,0.07
773,1,92,1,209.99,0.1
783,1,92,1,209.99,0.2
809,3,92,2,209.99,0.1
824,1,92,2,209.99,0.1
902,2,92,1,209.99,0.07
904,3,92,2,209.99,0.2
916,1,92,1,209.99,0.2
948,4,92,2,209.99,0.2
1037,4,92,1,209.99,0.07
1120,1,92,2,209.99,0.07
1171,2,92,2,209.99,0.07
1205,5,92,1,209.99,0.1
1211,3,92,1,209.99,0.2
1228,1,92,1,209.99,0.2
1248,3,92,1,209.99,0.1
1290,3,92,2,209.99,0.1
1318,4,92,1,209.99,0.07
1340,2,92,2,209.99,0.2
1393,1,92,1,209.99,0.07
1416,3,92,2,209.99,0.05
1480,3,92,2,209.99,0.07
1535,1,92,1,209.99,0.05
1565,2,92,1,209.99,0.1
1575,5,92,2,209.99,0.2
677,4,91,2,349.99,0.05
725,2,91,1,349.99,0.05
728,3,91,1,349.99,0.1
731,1,91,1,349.99,0.05
790,2,91,1,349.99,0.1
798,3,91,2,349.99,0.07
806,5,91,2,349.99,0.07
896,1,91,2,349.99,0.05
911,3,91,2,349.99,0.05
918,1,91,1,349.99,0.2
990,3,91,1,349.99,0.1
1018,3,91,1,349.99,0.2
1023,1,91,1,349.99,0.07
1024,5,91,1,349.99,0.2
1102,1,91,1,349.99,0.07
1115,3,91,2,349.99,0.07
1117,2,91,1,349.99,0.2
1150,2,91,1,349.99,0.05
1152,2,91,2,349.99,0.2
1169,1,91,2,349.99,0.2
1188,2,91,2,349.99,0.2
1236,3,91,1,349.99,0.1
1239,2,91,1,349.99,0.1
1254,2,91,1,349.99,0.2
1305,4,91,2,349.99,0.05
1319,2,91,1,349.99,0.2
1476,2,91,2,349.99,0.07
1596,1,91,1,349.99,0.05
649,2,90,1,209.99,0.07
725,1,90,1,209.99,0.1
763,1,90,1,209.99,0.07
779,2,90,2,209.99,0.2
798,2,90,1,209.99,0.05
841,4,90,2,209.99,0.07
913,1,90,2,209.99,0.1
964,1,90,1,209.99,0.2
965,1,90,2,209.99,0.1
995,2,90,1,209.99,0.2
1093,3,90,2,209.99,0.1
1133,3,90,2,209.99,0.2
1227,1,90,2,209.99,0.2
1266,1,90,1,209.99,0.2
1296,2,90,1,209.99,0.1
1316,2,90,1,209.99,0.1
1400,4,90,1,209.99,0.07
1444,1,90,1,209.99,0.1
675,2,89,2,209.99,0.05
804,1,89,2,209.99,0.2
855,3,89,1,209.99,0.2
900,3,89,1,209.99,0.2
1017,1,89,1,209.99,0.07
1025,1,89,1,209.99,0.07
1041,1,89,1,209.99,0.1
1072,2,89,2,209.99,0.07
1074,3,89,2,209.99,0.1
1099,4,89,2,209.99,0.1
1126,3,89,2,209.99,0.05
1191,2,89,2,209.99,0.1
1209,1,89,1,209.99,0.07
1289,1,89,1,209.99,0.05
1370,2,89,2,209.99,0.1
1384,3,89,1,209.99,0.1
1453,1,89,2,209.99,0.1
1553,4,89,1,209.99,0.05
653,5,88,2,189.99,0.07
686,3,88,2,189.99,0.2
688,2,88,1,189.99,0.05
696,1,88,2,189.99,0.07
771,2,88,1,189.99,0.2
845,5,88,1,189.99,0.05
848,3,88,2,189.99,0.2
866,1,88,1,189.99,0.2
892,4,88,1,189.99,0.05
955,5,88,1,189.99,0.05
966,1,88,1,189.99,0.05
983,5,88,1,189.99,0.05
1011,1,88,1,189.99,0.2
1098,1,88,1,189.99,0.1
1144,1,88,1,189.99,0.07
1162,1,88,1,189.99,0.2
1179,2,88,2,189.99,0.05
1192,2,88,2,189.99,0.07
1253,3,88,1,189.99,0.2
1261,2,88,2,189.99,0.2
1293,1,88,2,189.99,0.1
1508,4,88,1,189.99,0.05
1598,3,88,1,189.99,0.2
815,3,87,2,189.99,0.1
837,3,87,2,189.99,0.2
854,1,87,1,189.99,0.1
967,3,87,1,189.99,0.1
968,1,87,1,189.99,0.2
986,1,87,1,189.99,0.1
1068,1,87,2,189.99,0.2
1074,2,87,1,189.99,0.07
1112,4,87,2,189.99,0.07
1176,1,87,1,189.99,0.1
1188,3,87,2,189.99,0.1
1208,5,87,1,189.99,0.07
1233,1,87,2,189.99,0.2
1237,2,87,2,189.99,0.1
1268,2,87,2,189.99,0.07
1271,3,87,2,189.99,0.07
1286,3,87,1,189.99,0.07
1309,2,87,2,189.99,0.2
1392,1,87,2,189.99,0.2
747,2,86,1,149.99,0.2
823,2,86,2,149.99,0.2
922,3,86,1,149.99,0.1
997,1,86,2,149.99,0.07
1080,5,86,1,149.99,0.05
1156,2,86,1,149.99,0.05
1162,3,86,1,149.99,0.1
1208,3,86,2,149.99,0.2
1272,3,86,1,149.99,0.07
1352,4,86,2,149.99,0.2
1353,4,86,2,149.99,0.05
1452,3,86,2,149.99,0.05
1541,5,86,2,149.99,0.05
1550,5,86,2,149.99,0.05
1580,2,86,2,149.99,0.2
636,1,85,2,329.99,0.2
651,2,85,1,329.99,0.05
667,5,85,1,329.99,0.05
690,3,85,1,329.99,0.05
778,2,85,1,329.99,0.05
779,5,85,1,329.99,0.2
808,3,85,1,329.99,0.05
813,2,85,2,329.99,0.2
817,1,85,1,329.99,0.05
830,1,85,2,329.99,0.2
839,2,85,1,329.99,0.1
862,1,85,1,329.99,0.05
944,4,85,2,329.99,0.2
946,2,85,2,329.99,0.2
970,1,85,1,329.99,0.1
1007,3,85,2,329.99,0.1
1149,4,85,1,329.99,0.2
1220,3,85,2,329.99,0.2
1305,1,85,1,329.99,0.2
1389,1,85,2,329.99,0.1
1519,2,85,2,329.99,0.2
667,2,84,1,109.99,0.1
690,1,84,1,109.99,0.2
701,1,84,1,109.99,0.05
733,1,84,1,109.99,0.05
734,3,84,2,109.99,0.2
907,1,84,2,109.99,0.07
989,4,84,2,109.99,0.07
1037,5,84,2,109.99,0.05
1137,3,84,2,109.99,0.2
1194,4,84,1,109.99,0.05
1202,1,84,2,109.99,0.05
1210,4,84,1,109.99,0.1
1252,2,84,1,109.99,0.2
1334,3,84,2,109.99,0.1
1472,1,84,1,109.99,0.2
1473,1,84,2,109.99,0.2
656,1,83,1,149.99,0.1
679,2,83,2,149.99,0.05
687,4,83,1,149.99,0.07
748,2,83,2,149.99,0.05
803,4,83,2,149.99,0.05
814,4,83,2,149.99,0.05
844,3,83,2,149.99,0.2
879,3,83,2,149.99,0.2
928,2,83,1,149.99,0.2
960,4,83,2,149.99,0.1
1002,2,83,1,149.99,0.1
1038,1,83,1,149.99,0.05
1055,4,83,2,149.99,0.1
1072,1,83,1,149.99,0.2
1193,1,83,2,149.99,0.05
681,1,82,1,659.99,0.05
695,1,82,2,659.99,0.1
699,5,82,2,659.99,0.2
727,2,82,2,659.99,0.05
738,1,82,2,659.99,0.07
806,4,82,2,659.99,0.2
835,2,82,1,659.99,0.2
879,4,82,1,659.99,0.07
929,1,82,1,659.99,0.2
930,2,82,1,659.99,0.07
943,2,82,1,659.99,0.2
1017,2,82,2,659.99,0.2
1068,2,82,1,659.99,0.2
1147,1,82,1,659.99,0.2
1148,1,82,1,659.99,0.07
1168,2,82,1,659.99,0.2
1255,5,82,1,659.99,0.05
1317,1,82,1,659.99,0.1
1318,1,82,2,659.99,0.2
1359,2,82,1,659.99,0.05
1393,2,82,1,659.99,0.07
1480,2,82,2,659.99,0.1
1556,2,82,1,659.99,0.07
680,1,81,2,1099.99,0.05
740,1,81,1,1099.99,0.05
747,4,81,1,1099.99,0.07
764,3,81,2,1099.99,0.07
823,3,81,1,1099.99,0.2
842,1,81,2,1099.99,0.07
843,3,81,1,1099.99,0.1
983,4,81,2,1099.99,0.07
984,2,81,2,1099.99,0.2
1005,2,81,2,1099.99,0.1
1014,3,81,2,1099.99,0.1
1073,1,81,1,1099.99,0.2
1086,3,81,2,1099.99,0.05
1125,3,81,2,1099.99,0.07
1167,2,81,2,1099.99,0.1
1169,4,81,2,1099.99,0.2
1221,2,81,2,1099.99,0.05
1225,1,81,1,1099.99,0.1
1274,1,81,1,1099.99,0.1
1283,2,81,1,1099.99,0.2
1286,2,81,2,1099.99,0.07
1306,2,81,2,1099.99,0.07
1382,2,81,2,1099.99,0.05
1438,3,81,2,1099.99,0.05
653,4,80,1,761.99,0.2
743,1,80,1,761.99,0.05
755,1,80,2,761.99,0.07
786,1,80,1,761.99,0.05
866,3,80,1,761.99,0.07
920,4,80,2,761.99,0.07
977,4,80,2,761.99,0.05
987,3,80,1,761.99,0.07
1104,4,80,1,761.99,0.07
1183,2,80,2,761.99,0.2
1185,4,80,1,761.99,0.2
1254,1,80,1,761.99,0.2
1304,1,80,1,761.99,0.05
1422,1,80,2,761.99,0.07
651,1,79,1,402.99,0.1
667,1,79,1,402.99,0.2
716,3,79,1,402.99,0.1
730,2,79,1,402.99,0.1
749,3,79,1,402.99,0.2
844,1,79,2,402.99,0.07
956,5,79,2,402.99,0.1
991,2,79,1,402.99,0.2
993,5,79,2,402.99,0.1
1002,4,79,1,402.99,0.2
1046,2,79,1,402.99,0.07
1187,2,79,1,402.99,0.07
1205,4,79,2,402.99,0.07
1252,1,79,1,402.99,0.2
1542,1,79,1,402.99,0.2
1594,1,79,2,402.99,0.1
649,4,78,1,647.99,0.05
727,1,78,1,647.99,0.07
745,3,78,1,647.99,0.1
750,2,78,2,647.99,0.1
759,2,78,1,647.99,0.07
809,1,78,1,647.99,0.1
834,3,78,1,647.99,0.2
920,3,78,1,647.99,0.05
985,3,78,2,647.99,0.05
986,2,78,1,647.99,0.05
1047,2,78,1,647.99,0.2
1095,1,78,2,647.99,0.05
1164,2,78,1,647.99,0.05
1172,1,78,2,647.99,0.07
1210,3,78,2,647.99,0.05
1213,2,78,1,647.99,0.07
1246,1,78,2,647.99,0.2
1250,1,78,2,647.99,0.05
1276,5,78,2,647.99,0.2
1285,1,78,2,647.99,0.07
1333,5,78,1,647.99,0.1
1364,1,78,1,647.99,0.07
1397,5,78,2,647.99,0.1
1458,4,78,2,647.99,0.1
1533,2,78,1,647.99,0.1
1540,5,78,1,647.99,0.2
1587,3,78,2,647.99,0.05
725,3,77,2,799.99,0.07
737,3,77,2,799.99,0.07
767,4,77,2,799.99,0.05
806,3,77,2,799.99,0.1
874,4,77,2,799.99,0.07
921,1,77,1,799.99,0.2
933,1,77,1,799.99,0.07
967,2,77,2,799.99,0.05
1017,5,77,2,799.99,0.1
1083,2,77,2,799.99,0.1
1148,3,77,2,799.99,0.05
1155,4,77,2,799.99,0.05
1178,2,77,1,799.99,0.2
1214,4,77,2,799.99,0.1
1226,1,77,2,799.99,0.05
1240,4,77,2,799.99,0.05
1262,4,77,1,799.99,0.07
1264,2,77,2,799.99,0.07
1310,2,77,2,799.99,0.2
1344,1,77,2,799.99,0.07
1469,1,77,2,799.99,0.2
640,4,76,2,299.99,0.07
712,4,76,1,299.99,0.2
741,2,76,1,299.99,0.07
768,2,76,1,299.99,0.2
812,1,76,2,299.99,0.1
902,4,76,2,299.99,0.05
920,1,76,1,299.99,0.05
931,2,76,1,299.99,0.2
935,2,76,2,299.99,0.07
956,1,76,2,299.99,0.1
958,2,76,1,299.99,0.2
1007,4,76,1,299.99,0.2
1016,1,76,2,299.99,0.07
1018,1,76,2,299.99,0.07
1036,2,76,1,299.99,0.07
1078,1,76,2,299.99,0.07
1316,1,76,2,299.99,0.1
1460,2,76,1,299.99,0.07
677,1,75,1,599.99,0.07
692,2,75,1,599.99,0.07
724,2,75,1,599.99,0.2
793,3,75,2,599.99,0.05
816,1,75,2,599.99,0.1
843,2,75,2,599.99,0.1
845,2,75,1,599.99,0.2
921,2,75,2,599.99,0.07
933,3,75,2,599.99,0.05
940,1,75,2,599.99,0.2
1231,1,75,2,599.99,0.05
1281,3,75,1,599.99,0.05
1290,1,75,2,599.99,0.05
1299,3,75,1,599.99,0.05
1313,1,75,1,599.99,0.2
1319,1,75,1,599.99,0.07
1535,2,75,2,599.99,0.05
1582,1,75,1,599.99,0.07
652,5,74,1,439.99,0.05
712,2,74,2,439.99,0.1
754,1,74,2,439.99,0.07
797,3,74,1,439.99,0.1
923,1,74,2,439.99,0.05
927,1,74,2,439.99,0.1
932,1,74,1,439.99,0.05
964,2,74,1,439.99,0.2
969,1,74,1,439.99,0.2
1037,1,74,2,439.99,0.07
1067,1,74,2,439.99,0.07
1085,3,74,1,439.99,0.1
1090,1,74,1,439.99,0.2
1158,2,74,1,439.99,0.07
1177,2,74,1,439.99,0.1
1212,1,74,1,439.99,0.1
1241,1,74,1,439.99,0.05
1280,2,74,1,439.99,0.05
1293,2,74,2,439.99,0.05
639,2,73,1,749.99,0.05
721,3,73,2,749.99,0.05
774,4,73,1,749.99,0.05
845,4,73,2,749.99,0.2
858,4,73,2,749.99,0.07
874,3,73,1,749.99,0.1
877,1,73,1,749.99,0.07
922,2,73,1,749.99,0.2
956,3,73,2,749.99,0.1
960,1,73,2,749.99,0.05
966,2,73,1,749.99,0.07
1015,2,73,2,749.99,0.2
1053,5,73,2,749.99,0.05
1076,3,73,2,749.99,0.07
1206,1,73,1,749.99,0.07
1215,1,73,2,749.99,0.1
1217,1,73,1,749.99,0.05
1261,1,73,1,749.99,0.2
1288,1,73,1,749.99,0.2
1303,4,73,1,749.99,0.1
639,3,72,1,619.99,0.05
669,2,72,1,619.99,0.07
703,3,72,1,619.99,0.2
711,3,72,2,619.99,0.05
750,1,72,1,619.99,0.05
784,2,72,2,619.99,0.1
822,2,72,1,619.99,0.2
843,1,72,1,619.99,0.1
846,4,72,2,619.99,0.05
948,5,72,2,619.99,0.2
959,2,72,1,619.99,0.1
1001,1,72,1,619.99,0.05
1030,3,72,1,619.99,0.1
1063,3,72,2,619.99,0.2
1067,3,72,2,619.99,0.1
1078,5,72,2,619.99,0.2
1109,1,72,2,619.99,0.1
1122,5,72,1,619.99,0.1
1265,2,72,2,619.99,0.07
1280,1,72,2,619.99,0.07
1314,2,72,2,619.99,0.05
1605,1,72,1,619.99,0.1
663,4,71,1,416.99,0.07
735,1,71,2,416.99,0.1
776,3,71,1,416.99,0.1
813,5,71,2,416.99,0.05
846,3,71,1,416.99,0.1
859,4,71,2,416.99,0.1
912,2,71,2,416.99,0.05
928,1,71,2,416.99,0.05
973,4,71,1,416.99,0.07
979,2,71,2,416.99,0.2
1008,1,71,1,416.99,0.2
1094,1,71,1,416.99,0.1
1112,1,71,2,416.99,0.05
1129,1,71,2,416.99,0.2
1140,2,71,2,416.99,0.07
1161,1,71,2,416.99,0.1
1184,2,71,1,416.99,0.05
1190,1,71,1,416.99,0.07
1194,1,71,1,416.99,0.05
1205,3,71,1,416.99,0.05
1234,2,71,2,416.99,0.07
1241,2,71,2,416.99,0.05
1272,2,71,2,416.99,0.1
1423,2,71,1,416.99,0.1
1540,1,71,2,416.99,0.05
1602,1,71,2,416.99,0.05
659,3,70,1,659.99,0.05
676,1,70,1,659.99,0.2
728,1,70,1,659.99,0.05
811,3,70,1,659.99,0.07
821,2,70,2,659.99,0.2
887,2,70,1,659.99,0.1
936,1,70,1,659.99,0.1
944,3,70,2,659.99,0.2
957,3,70,2,659.99,0.05
971,1,70,2,659.99,0.05
989,3,70,1,659.99,0.1
999,1,70,2,659.99,0.07
1079,1,70,2,659.99,0.07
1084,2,70,1,659.99,0.05
1089,1,70,2,659.99,0.07
1104,2,70,2,659.99,0.1
1231,2,70,1,659.99,0.07
1242,4,70,1,659.99,0.2
1292,1,70,1,659.99,0.07
1323,3,70,1,659.99,0.05
1429,1,70,2,659.99,0.2
1465,1,70,2,659.99,0.05
671,2,69,1,416.99,0.05
797,2,69,1,416.99,0.05
814,1,69,2,416.99,0.1
884,2,69,2,416.99,0.07
898,4,69,2,416.99,0.07
944,5,69,2,416.99,0.07
977,2,69,2,416.99,0.05
1020,2,69,2,416.99,0.05
1137,4,69,2,416.99,0.07
1139,3,69,1,416.99,0.05
1143,3,69,2,416.99,0.1
1285,3,69,2,416.99,0.2
1307,3,69,2,416.99,0.2
1308,2,69,1,416.99,0.2
1311,1,69,1,416.99,0.1
1313,3,69,1,416.99,0.07
1398,1,69,2,416.99,0.05
1576,1,69,1,416.99,0.05
642,1,68,2,449.99,0.07
794,2,68,1,449.99,0.2
831,3,68,1,449.99,0.1
922,1,68,1,449.99,0.2
970,4,68,1,449.99,0.1
983,3,68,1,449.99,0.07
984,1,68,1,449.99,0.2
996,1,68,2,449.99,0.05
1006,2,68,1,449.99,0.1
1011,4,68,2,449.99,0.05
1029,4,68,2,449.99,0.1
1053,4,68,1,449.99,0.1
1155,1,68,2,449.99,0.05
1165,2,68,1,449.99,0.07
1167,3,68,1,449.99,0.07
1173,3,68,1,449.99,0.05
1212,4,68,2,449.99,0.07
1268,1,68,2,449.99,0.07
1510,2,68,1,449.99,0.1
652,3,67,2,250.99,0.2
655,1,67,1,250.99,0.1
731,3,67,2,250.99,0.2
754,4,67,2,250.99,0.05
831,1,67,1,250.99,0.2
866,2,67,2,250.99,0.07
881,4,67,1,250.99,0.1
890,4,67,1,250.99,0.1
893,1,67,2,250.99,0.05
905,1,67,1,250.99,0.1
1086,2,67,1,250.99,0.1
1154,3,67,2,250.99,0.2
1214,5,67,2,250.99,0.2
1312,1,67,2,250.99,0.05
1440,5,67,2,250.99,0.2
1501,4,67,1,250.99,0.2
673,1,66,1,250.99,0.2
703,2,66,2,250.99,0.05
753,5,66,1,250.99,0.2
787,2,66,2,250.99,0.1
811,4,66,1,250.99,0.1
876,2,66,2,250.99,0.2
880,5,66,1,250.99,0.2
911,1,66,2,250.99,0.05
937,5,66,1,250.99,0.2
957,4,66,1,250.99,0.07
967,1,66,1,250.99,0.2
994,3,66,1,250.99,0.07
1025,5,66,2,250.99,0.05
1085,1,66,2,250.99,0.2
1111,2,66,2,250.99,0.1
1180,1,66,2,250.99,0.07
1188,1,66,2,250.99,0.1
1250,2,66,2,250.99,0.1
1260,2,66,1,250.99,0.1
1324,1,66,1,250.99,0.1
1341,4,66,2,250.99,0.05
1363,1,66,2,250.99,0.1
1368,1,66,1,250.99,0.1
1562,2,66,1,250.99,0.2
734,4,65,2,346.99,0.1
758,4,65,2,346.99,0.07
765,5,65,1,346.99,0.05
774,1,65,1,346.99,0.05
800,1,65,2,346.99,0.1
814,3,65,1,346.99,0.2
835,1,65,2,346.99,0.07
838,4,65,2,346.99,0.07
864,2,65,2,346.99,0.05
869,5,65,2,346.99,0.2
890,5,65,2,346.99,0.1
907,2,65,1,346.99,0.07
930,4,65,2,346.99,0.05
935,1,65,2,346.99,0.2
959,4,65,1,346.99,0.07
961,3,65,2,346.99,0.07
962,1,65,2,346.99,0.07
971,2,65,2,346.99,0.07
1000,1,65,2,346.99,0.05
1006,4,65,1,346.99,0.1
1022,3,65,1,346.99,0.07
1036,4,65,2,346.99,0.2
1037,3,65,2,346.99,0.2
1083,1,65,2,346.99,0.2
1084,4,65,2,346.99,0.07
1123,1,65,2,346.99,0.07
1128,3,65,2,346.99,0.05
1165,1,65,2,346.99,0.07
1175,2,65,1,346.99,0.2
1208,2,65,2,346.99,0.07
1309,1,65,1,346.99,0.05
1343,4,65,2,346.99,0.2
1383,2,65,2,346.99,0.05
1519,4,65,1,346.99,0.2
1579,4,65,2,346.99,0.1
641,3,64,1,489.99,0.2
718,3,64,2,489.99,0.1
726,1,64,1,489.99,0.2
756,1,64,1,489.99,0.1
778,1,64,1,489.99,0.1
816,2,64,2,489.99,0.2
881,3,64,2,489.99,0.05
915,1,64,1,489.99,0.05
962,2,64,2,489.99,0.07
980,3,64,1,489.99,0.1
1012,2,64,1,489.99,0.2
1040,3,64,1,489.99,0.07
1085,2,64,1,489.99,0.1
1088,1,64,1,489.99,0.1
1099,1,64,1,489.99,0.1
1146,2,64,1,489.99,0.2
1213,1,64,2,489.99,0.07
1216,1,64,2,489.99,0.1
1288,2,64,2,489.99,0.2
1581,1,64,1,489.99,0.1
661,1,63,2,3499.99,0.07
681,2,63,1,3499.99,0.07
700,2,63,1,3499.99,0.2
738,4,63,1,3499.99,0.07
767,1,63,1,3499.99,0.1
799,4,63,1,3499.99,0.1
844,5,63,2,3499.99,0.05
870,1,63,1,3499.99,0.07
882,1,63,2,3499.99,0.07
929,2,63,2,3499.99,0.1
955,4,63,1,3499.99,0.2
972,2,63,1,3499.99,0.07
983,1,63,1,3499.99,0.1
1065,3,63,1,3499.99,0.07
1163,1,63,2,3499.99,0.05
1183,1,63,1,3499.99,0.2
1185,3,63,2,3499.99,0.1
1280,4,63,1,3499.99,0.2
1303,2,63,2,3499.99,0.2
1373,1,63,1,3499.99,0.1
1587,2,63,2,3499.99,0.05
641,2,62,1,3499.99,0.2
652,2,62,2,3499.99,0.2
704,2,62,1,3499.99,0.2
725,4,62,2,3499.99,0.1
736,3,62,2,3499.99,0.2
790,1,62,2,3499.99,0.07
797,5,62,2,3499.99,0.1
805,3,62,2,3499.99,0.2
861,2,62,1,3499.99,0.2
872,1,62,2,3499.99,0.07
905,2,62,2,3499.99,0.05
925,2,62,2,3499.99,0.2
946,3,62,1,3499.99,0.05
951,3,62,2,3499.99,0.2
1133,4,62,1,3499.99,0.2
1170,3,62,2,3499.99,0.1
1177,1,62,2,3499.99,0.07
1219,2,62,2,3499.99,0.1
1224,1,62,1,3499.99,0.07
1249,1,62,1,3499.99,0.05
1263,2,62,1,3499.99,0.05
1287,2,62,2,3499.99,0.1
1288,3,62,2,3499.99,0.1
1318,2,62,2,3499.99,0.2
1548,3,62,2,3499.99,0.2
639,4,61,2,4999.99,0.1
659,4,61,2,4999.99,0.07
681,3,61,1,4999.99,0.2
705,1,61,1,4999.99,0.1
715,1,61,2,4999.99,0.1
847,1,61,2,4999.99,0.05
900,4,61,2,4999.99,0.05
934,4,61,1,4999.99,0.07
968,2,61,2,4999.99,0.05
981,5,61,1,4999.99,0.07
1041,2,61,2,4999.99,0.07
1060,3,61,2,4999.99,0.1
1083,3,61,1,4999.99,0.07
1123,2,61,2,4999.99,0.1
1129,3,61,2,4999.99,0.05
1229,2,61,2,4999.99,0.1
1233,2,61,2,4999.99,0.1
1249,3,61,1,4999.99,0.2
1257,2,61,1,4999.99,0.05
1283,1,61,2,4999.99,0.05
1295,2,61,1,4999.99,0.2
1344,4,61,1,4999.99,0.07
1434,4,61,2,4999.99,0.07
1513,2,61,2,4999.99,0.05
1566,2,61,2,4999.99,0.05
682,2,60,2,1559.99,0.2
706,3,60,1,1559.99,0.2
710,2,60,2,1559.99,0.2
793,1,60,1,1559.99,0.05
930,3,60,1,1559.99,0.1
987,2,60,2,1559.99,0.2
1013,1,60,2,1559.99,0.05
1032,1,60,2,1559.99,0.1
1046,1,60,1,1559.99,0.07
1055,5,60,1,1559.99,0.2
1077,1,60,2,1559.99,0.05
1078,2,60,2,1559.99,0.2
1084,5,60,1,1559.99,0.1
1105,1,60,1,1559.99,0.05
1131,1,60,2,1559.99,0.07
1154,2,60,1,1559.99,0.07
1236,1,60,1,1559.99,0.07
1259,1,60,1,1559.99,0.1
1342,1,60,1,1559.99,0.05
1357,2,60,1,1559.99,0.2
1435,3,60,1,1559.99,0.1
1486,1,60,2,1559.99,0.05
1491,3,60,2,1559.99,0.07
1612,5,60,1,1559.99,0.1
660,2,59,2,2599.99,0.07
685,1,59,1,2599.99,0.05
692,1,59,1,2599.99,0.2
730,1,59,2,2599.99,0.05
785,1,59,2,2599.99,0.2
899,1,59,2,2599.99,0.1
951,1,59,1,2599.99,0.1
985,2,59,1,2599.99,0.2
1014,4,59,1,2599.99,0.05
1074,1,59,1,2599.99,0.1
1087,3,59,2,2599.99,0.1
1211,2,59,1,2599.99,0.05
1225,2,59,2,2599.99,0.1
1268,3,59,2,2599.99,0.2
1298,1,59,1,2599.99,0.05
1310,1,59,1,2599.99,0.2
1471,1,59,2,2599.99,0.2
1597,2,59,1,2599.99,0.07
665,1,58,1,4999.99,0.07
728,4,58,1,4999.99,0.07
741,1,58,1,4999.99,0.05
774,5,58,2,4999.99,0.1
799,5,58,2,4999.99,0.07
839,3,58,2,4999.99,0.05
853,2,58,2,4999.99,0.2
860,4,58,2,4999.99,0.07
937,3,58,2,4999.99,0.07
993,1,58,1,4999.99,0.2
1001,3,58,1,4999.99,0.1
1126,2,58,1,4999.99,0.2
1137,2,58,2,4999.99,0.2
1149,3,58,1,4999.99,0.05
1152,1,58,1,4999.99,0.07
1169,3,58,2,4999.99,0.1
1175,1,58,2,4999.99,0.07
1273,3,58,1,4999.99,0.2
1275,1,58,1,4999.99,0.07
1276,2,58,1,4999.99,0.2
1291,2,58,2,4999.99,0.05
1300,2,58,2,4999.99,0.05
1348,3,58,2,4999.99,0.1
1365,2,58,1,4999.99,0.07
1468,2,58,1,4999.99,0.07
1482,3,58,2,4999.99,0.07
695,2,57,2,1999.99,0.2
710,4,57,1,1999.99,0.2
755,3,57,2,1999.99,0.1
781,3,57,2,1999.99,0.1
782,2,57,1,1999.99,0.07
882,3,57,2,1999.99,0.07
898,3,57,2,1999.99,0.2
952,2,57,1,1999.99,0.05
1020,4,57,2,1999.99,0.1
1240,5,57,1,1999.99,0.05
1252,3,57,2,1999.99,0.05
1291,1,57,1,1999.99,0.1
1396,1,57,1,1999.99,0.05
1443,2,57,1,1999.99,0.2
1527,3,57,2,1999.99,0.05
638,2,56,1,5499.99,0.2
684,1,56,1,5499.99,0.07
685,5,56,2,5499.99,0.05
692,4,56,2,5499.99,0.1
717,1,56,2,5499.99,0.05
728,2,56,1,5499.99,0.1
736,1,56,2,5499.99,0.05
741,4,56,2,5499.99,0.05
792,3,56,1,5499.99,0.2
810,3,56,1,5499.99,0.05
823,1,56,2,5499.99,0.07
874,1,56,1,5499.99,0.05
930,1,56,2,5499.99,0.07
934,5,56,2,5499.99,0.2
946,5,56,2,5499.99,0.07
950,1,56,1,5499.99,0.05
1006,3,56,2,5499.99,0.07
1091,2,56,1,5499.99,0.1
1105,2,56,2,5499.99,0.2
1110,1,56,1,5499.99,0.1
1129,2,56,1,5499.99,0.2
1234,1,56,2,5499.99,0.07
1251,2,56,1,5499.99,0.07
1277,1,56,2,5499.99,0.2
1302,3,56,2,5499.99,0.07
1308,4,56,1,5499.99,0.2
1341,2,56,2,5499.99,0.2
1526,2,56,1,5499.99,0.1
662,1,55,2,2699.99,0.1
671,3,55,1,2699.99,0.2
691,3,55,2,2699.99,0.2
694,3,55,2,2699.99,0.1
709,1,55,2,2699.99,0.05
724,4,55,1,2699.99,0.2
733,2,55,1,2699.99,0.2
764,1,55,1,2699.99,0.07
828,3,55,2,2699.99,0.07
839,1,55,1,2699.99,0.07
869,4,55,2,2699.99,0.05
949,2,55,2,2699.99,0.05
979,1,55,1,2699.99,0.05
1029,2,55,1,2699.99,0.1
1036,1,55,2,2699.99,0.1
1043,1,55,2,2699.99,0.1
1118,1,55,2,2699.99,0.2
1119,2,55,2,2699.99,0.05
1189,1,55,1,2699.99,0.07
1203,2,55,1,2699.99,0.05
1228,2,55,2,2699.99,0.2
1233,3,55,1,2699.99,0.2
1237,4,55,2,2699.99,0.07
1329,3,55,1,2699.99,0.07
1449,2,55,1,2699.99,0.2
1558,4,55,1,2699.99,0.2
657,2,54,2,3199.99,0.05
677,5,54,2,3199.99,0.1
791,1,54,1,3199.99,0.2
797,4,54,2,3199.99,0.05
800,2,54,1,3199.99,0.07
811,2,54,1,3199.99,0.2
832,1,54,1,3199.99,0.05
834,1,54,1,3199.99,0.07
970,3,54,2,3199.99,0.1
1130,1,54,2,3199.99,0.2
1216,2,54,1,3199.99,0.05
1270,1,54,1,3199.99,0.2
1308,1,54,1,3199.99,0.05
1310,4,54,1,3199.99,0.2
1425,4,54,2,3199.99,0.05
1559,3,54,2,3199.99,0.1
1562,1,54,1,3199.99,0.2
638,3,53,2,749.99,0.05
643,1,53,1,749.99,0.05
713,3,53,1,749.99,0.07
765,4,53,1,749.99,0.2
804,2,53,1,749.99,0.07
822,1,53,1,749.99,0.05
872,2,53,1,749.99,0.1
1122,2,53,1,749.99,0.1
1163,2,53,2,749.99,0.1
1187,4,53,2,749.99,0.1
1196,1,53,1,749.99,0.07
1255,2,53,1,749.99,0.05
1307,2,53,2,749.99,0.2
1347,2,53,1,749.99,0.05
1398,2,53,1,749.99,0.2
1431,2,53,1,749.99,0.07
1481,1,53,2,749.99,0.07
657,1,52,1,875.99,0.05
664,1,52,2,875.99,0.07
678,1,52,2,875.99,0.05
737,1,52,1,875.99,0.05
761,2,52,2,875.99,0.2
800,4,52,1,875.99,0.1
803,2,52,2,875.99,0.05
890,3,52,1,875.99,0.05
960,2,52,1,875.99,0.1
977,1,52,2,875.99,0.1
979,4,52,1,875.99,0.2
982,3,52,1,875.99,0.07
1019,2,52,1,875.99,0.2
1081,1,52,2,875.99,0.1
1114,1,52,1,875.99,0.2
1195,1,52,1,875.99,0.07
1262,2,52,1,875.99,0.05
1264,4,52,1,875.99,0.05
1280,3,52,1,875.99,0.07
1295,3,52,1,875.99,0.05
1299,4,52,2,875.99,0.2
1314,1,52,1,875.99,0.07
1352,2,52,2,875.99,0.1
1445,2,52,1,875.99,0.07
1489,3,52,1,875.99,0.1
1508,3,52,2,875.99,0.05
672,1,51,2,6499.99,0.07
787,1,51,2,6499.99,0.07
837,1,51,1,6499.99,0.05
904,2,51,2,6499.99,0.07
930,5,51,2,6499.99,0.1
937,2,51,2,6499.99,0.07
958,1,51,1,6499.99,0.1
987,1,51,2,6499.99,0.1
1003,2,51,2,6499.99,0.05
1101,2,51,1,6499.99,0.05
1117,3,51,2,6499.99,0.1
1135,2,51,1,6499.99,0.1
1168,3,51,1,6499.99,0.07
1169,2,51,1,6499.99,0.05
1224,2,51,1,6499.99,0.1
1226,4,51,1,6499.99,0.07
1297,3,51,2,6499.99,0.05
1463,1,51,2,6499.99,0.05
1533,5,51,1,6499.99,0.1
664,3,50,1,5999.99,0.2
680,3,50,1,5999.99,0.07
715,2,50,1,5999.99,0.2
804,3,50,2,5999.99,0.05
881,2,50,1,5999.99,0.2
887,1,50,2,5999.99,0.05
891,4,50,1,5999.99,0.1
892,3,50,2,5999.99,0.07
901,1,50,1,5999.99,0.2
927,3,50,1,5999.99,0.1
945,5,50,2,5999.99,0.05
1080,3,50,1,5999.99,0.05
1095,5,50,2,5999.99,0.05
1115,2,50,2,5999.99,0.07
1118,2,50,1,5999.99,0.07
1179,4,50,1,5999.99,0.07
1271,2,50,2,5999.99,0.07
1282,2,50,2,5999.99,0.2
1468,3,50,2,5999.99,0.07
1529,2,50,2,5999.99,0.1
658,1,49,2,3499.99,0.2
731,2,49,1,3499.99,0.2
862,3,49,2,3499.99,0.07
884,1,49,2,3499.99,0.05
911,4,49,1,3499.99,0.2
931,1,49,2,3499.99,0.07
980,1,49,2,3499.99,0.2
1021,1,49,2,3499.99,0.07
1047,4,49,1,3499.99,0.05
1053,1,49,2,3499.99,0.05
1064,2,49,1,3499.99,0.1
1068,3,49,2,3499.99,0.2
1115,4,49,2,3499.99,0.1
1122,3,49,2,3499.99,0.2
1182,2,49,2,3499.99,0.1
1186,2,49,1,3499.99,0.07
1220,2,49,1,3499.99,0.2
1281,2,49,2,3499.99,0.05
1484,2,49,2,3499.99,0.2
1556,1,49,2,3499.99,0.2
1579,1,49,1,3499.99,0.05
1598,2,49,2,3499.99,0.07
668,1,48,2,1499.99,0.05
672,3,48,2,1499.99,0.07
685,2,48,2,1499.99,0.05
687,1,48,2,1499.99,0.05
694,1,48,1,1499.99,0.2
699,2,48,1,1499.99,0.07
709,3,48,1,1499.99,0.07
788,1,48,1,1499.99,0.2
817,3,48,2,1499.99,0.05
818,4,48,2,1499.99,0.05
844,4,48,1,1499.99,0.2
903,2,48,2,1499.99,0.05
915,2,48,1,1499.99,0.07
921,3,48,1,1499.99,0.1
934,2,48,1,1499.99,0.05
960,3,48,2,1499.99,0.05
970,2,48,2,1499.99,0.1
1065,1,48,2,1499.99,0.07
1075,1,48,2,1499.99,0.1
1143,2,48,1,1499.99,0.2
1149,2,48,1,1499.99,0.05
1186,1,48,2,1499.99,0.1
1266,2,48,1,1499.99,0.2
1327,3,48,2,1499.99,0.1
1377,3,48,1,1499.99,0.07
1395,2,48,2,1499.99,0.1
1461,1,48,1,1499.99,0.2
1482,1,48,1,1499.99,0.1
645,4,47,2,5299.99,0.07
660,3,47,2,5299.99,0.05
664,5,47,1,5299.99,0.07
708,2,47,1,5299.99,0.1
732,1,47,1,5299.99,0.07
779,3,47,1,5299.99,0.2
846,2,47,1,5299.99,0.07
886,1,47,1,5299.99,0.05
961,2,47,2,5299.99,0.2
973,3,47,2,5299.99,0.05
1118,4,47,2,5299.99,0.2
1170,2,47,2,5299.99,0.05
1220,1,47,2,5299.99,0.1
1393,3,47,2,5299.99,0.05
846,1,46,2,1409.99,0.05
852,1,46,2,1409.99,0.07
868,1,46,1,1409.99,0.07
884,3,46,2,1409.99,0.2
906,3,46,1,1409.99,0.05
914,4,46,1,1409.99,0.1
1006,5,46,1,1409.99,0.1
1022,2,46,1,1409.99,0.1
1051,1,46,1,1409.99,0.2
1059,1,46,2,1409.99,0.05
1066,2,46,1,1409.99,0.1
1099,3,46,1,1409.99,0.07
1103,2,46,2,1409.99,0.2
1178,1,46,1,1409.99,0.07
1205,2,46,2,1409.99,0.2
1246,2,46,1,1409.99,0.05
1441,3,46,1,1409.99,0.07
1538,2,46,2,1409.99,0.07
1558,1,46,2,1409.99,0.07
670,4,45,2,869.99,0.05
694,5,45,2,869.99,0.1
696,3,45,1,869.99,0.07
703,1,45,2,869.99,0.2
721,1,45,2,869.99,0.07
742,2,45,1,869.99,0.07
751,1,45,2,869.99,0.05
811,1,45,2,869.99,0.07
826,1,45,2,869.99,0.2
832,2,45,1,869.99,0.2
853,4,45,1,869.99,0.2
858,1,45,2,869.99,0.2
893,2,45,1,869.99,0.07
898,1,45,2,869.99,0.2
992,1,45,1,869.99,0.07
994,2,45,1,869.99,0.2
1001,2,45,2,869.99,0.05
1014,2,45,2,869.99,0.05
1050,3,45,2,869.99,0.2
1068,4,45,2,869.99,0.2
1093,1,45,2,869.99,0.07
1108,1,45,2,869.99,0.05
1124,4,45,2,869.99,0.05
1244,1,45,1,869.99,0.2
1246,3,45,2,869.99,0.07
1263,1,45,1,869.99,0.2
1267,1,45,1,869.99,0.1
1301,1,45,2,869.99,0.2
1306,3,45,1,869.99,0.2
1311,2,45,2,869.99,0.07
1545,1,45,1,869.99,0.1
1584,1,45,2,869.99,0.1
712,1,44,2,539.99,0.2
818,2,44,2,539.99,0.07
883,1,44,1,539.99,0.05
919,2,44,1,539.99,0.1
936,2,44,1,539.99,0.07
945,4,44,2,539.99,0.1
947,3,44,1,539.99,0.07
1009,2,44,1,539.99,0.07
1128,1,44,1,539.99,0.05
1139,2,44,2,539.99,0.1
1164,4,44,2,539.99,0.05
1227,2,44,1,539.99,0.07
1243,1,44,1,539.99,0.07
1256,1,44,2,539.99,0.2
1294,2,44,1,539.99,0.05
1575,1,44,1,539.99,0.07
653,2,43,1,5299.99,0.1
755,2,43,2,5299.99,0.05
761,1,43,1,5299.99,0.07
827,1,43,1,5299.99,0.05
840,2,43,1,5299.99,0.07
885,2,43,1,5299.99,0.1
901,2,43,1,5299.99,0.07
927,5,43,1,5299.99,0.07
951,2,43,2,5299.99,0.1
955,1,43,1,5299.99,0.1
1023,2,43,2,5299.99,0.1
1055,1,43,2,5299.99,0.07
1058,1,43,1,5299.99,0.1
1104,3,43,1,5299.99,0.07
1107,1,43,1,5299.99,0.2
1132,1,43,1,5299.99,0.05
1216,5,43,1,5299.99,0.1
1255,1,43,2,5299.99,0.2
1262,3,43,2,5299.99,0.07
1297,2,43,1,5299.99,0.05
1347,1,43,2,5299.99,0.07
1412,2,43,1,5299.99,0.1
1476,3,43,1,5299.99,0.07
1505,3,43,2,5299.99,0.05
1584,3,43,1,5299.99,0.2
645,2,42,2,2299.99,0.05
659,1,42,2,2299.99,0.05
665,2,42,2,2299.99,0.2
710,1,42,1,2299.99,0.05
770,2,42,1,2299.99,0.2
776,2,42,2,2299.99,0.2
798,4,42,1,2299.99,0.2
842,2,42,1,2299.99,0.1
853,3,42,2,2299.99,0.2
905,3,42,2,2299.99,0.2
915,3,42,1,2299.99,0.2
947,2,42,2,2299.99,0.07
1112,2,42,1,2299.99,0.07
1200,1,42,2,2299.99,0.2
1221,3,42,2,2299.99,0.1
1226,5,42,1,2299.99,0.1
1227,5,42,2,2299.99,0.2
1261,4,42,1,2299.99,0.1
1276,3,42,1,2299.99,0.05
1306,4,42,1,2299.99,0.2
1311,4,42,1,2299.99,0.1
1334,5,42,1,2299.99,0.05
1439,1,42,1,2299.99,0.07
1488,1,42,1,2299.99,0.07
663,1,41,2,1469.99,0.05
748,3,41,1,1469.99,0.07
767,3,41,2,1469.99,0.05
794,1,41,2,1469.99,0.05
827,2,41,1,1469.99,0.2
848,4,41,2,1469.99,0.07
908,1,41,1,1469.99,0.2
917,1,41,1,1469.99,0.07
959,3,41,1,1469.99,0.05
1028,3,41,1,1469.99,0.2
1046,4,41,2,1469.99,0.1
1107,2,41,2,1469.99,0.2
1122,4,41,2,1469.99,0.05
1157,4,41,1,1469.99,0.07
1160,1,41,1,1469.99,0.1
1162,4,41,1,1469.99,0.05
1257,4,41,1,1469.99,0.05
1265,1,41,2,1469.99,0.1
1315,2,41,1,1469.99,0.05
1390,1,41,2,1469.99,0.05
1500,1,41,2,1469.99,0.07
1511,4,41,1,1469.99,0.05
1552,2,41,2,1469.99,0.05
1560,2,41,1,1469.99,0.2
698,3,40,2,4999.99,0.05
718,2,40,2,4999.99,0.07
749,5,40,1,4999.99,0.07
785,2,40,1,4999.99,0.07
802,3,40,1,4999.99,0.1
812,2,40,1,4999.99,0.2
982,4,40,2,4999.99,0.05
1020,5,40,2,4999.99,0.05
1029,3,40,1,4999.99,0.2
1080,2,40,1,4999.99,0.1
1140,4,40,2,4999.99,0.07
1162,2,40,2,4999.99,0.2
1189,3,40,2,4999.99,0.1
1191,1,40,2,4999.99,0.1
1219,3,40,2,4999.99,0.2
1238,1,40,1,4999.99,0.1
1251,1,40,2,4999.99,0.1
1345,1,40,2,4999.99,0.2
1482,4,40,1,4999.99,0.05
1515,4,40,1,4999.99,0.1
1592,3,40,2,4999.99,0.07
659,2,39,2,1499.99,0.07
666,2,39,1,1499.99,0.05
682,1,39,1,1499.99,0.2
694,2,39,1,1499.99,0.05
710,3,39,2,1499.99,0.2
775,1,39,1,1499.99,0.07
792,2,39,1,1499.99,0.2
920,2,39,2,1499.99,0.07
976,2,39,1,1499.99,0.07
1025,3,39,1,1499.99,0.1
1140,1,39,2,1499.99,0.1
1147,2,39,2,1499.99,0.05
1212,3,39,2,1499.99,0.05
1385,3,39,2,1499.99,0.1
1466,4,39,2,1499.99,0.05
1507,1,39,2,1499.99,0.2
673,2,38,1,549.99,0.2
738,2,38,2,549.99,0.2
856,1,38,2,549.99,0.05
859,1,38,2,549.99,0.07
871,2,38,1,549.99,0.1
902,1,38,2,549.99,0.07
914,1,38,1,549.99,0.07
935,4,38,1,549.99,0.07
971,5,38,1,549.99,0.2
988,2,38,1,549.99,0.07
1140,3,38,2,549.99,0.1
1161,2,38,1,549.99,0.07
1221,4,38,2,549.99,0.1
1230,2,38,2,549.99,0.07
1244,2,38,2,549.99,0.07
1293,3,38,2,549.99,0.07
1302,1,38,1,549.99,0.05
1454,4,38,2,549.99,0.05
678,2,37,2,379.99,0.07
850,3,37,1,379.99,0.07
864,1,37,1,379.99,0.1
926,1,37,2,379.99,0.2
994,1,37,2,379.99,0.1
1019,3,37,1,379.99,0.05
1048,2,37,1,379.99,0.1
1117,1,37,2,379.99,0.1
1127,3,37,1,379.99,0.2
1157,3,37,2,379.99,0.2
1192,3,37,2,379.99,0.2
1204,1,37,2,379.99,0.07
1212,2,37,2,379.99,0.07
1244,4,37,2,379.99,0.1
1262,1,37,1,379.99,0.07
1492,1,37,2,379.99,0.1
1508,1,37,1,379.99,0.2
1542,4,37,2,379.99,0.1
1565,1,37,1,379.99,0.07
1602,2,37,1,379.99,0.07
753,3,36,2,832.99,0.1
769,3,36,2,832.99,0.07
774,2,36,2,832.99,0.05
802,2,36,2,832.99,0.2
826,2,36,1,832.99,0.1
859,5,36,2,832.99,0.1
892,1,36,1,832.99,0.1
904,1,36,2,832.99,0.1
924,2,36,1,832.99,0.2
969,2,36,1,832.99,0.1
981,4,36,2,832.99,0.1
993,2,36,2,832.99,0.1
1004,1,36,2,832.99,0.1
1049,2,36,2,832.99,0.05
1054,1,36,2,832.99,0.1
1072,3,36,2,832.99,0.07
1088,4,36,2,832.99,0.2
1132,3,36,2,832.99,0.1
1134,2,36,1,832.99,0.1
1146,1,36,1,832.99,0.07
1187,1,36,2,832.99,0.1
1229,1,36,2,832.99,0.07
1239,4,36,1,832.99,0.05
1281,1,36,1,832.99,0.05
1290,2,36,1,832.99,0.05
1407,2,36,2,832.99,0.1
1586,5,36,1,832.99,0.1
1600,3,36,1,832.99,0.2
1610,1,36,1,832.99,0.07
712,3,35,1,832.99,0.2
748,4,35,2,832.99,0.2
776,4,35,1,832.99,0.1
891,3,35,2,832.99,0.1
934,1,35,2,832.99,0.05
942,3,35,2,832.99,0.07
981,1,35,1,832.99,0.1
988,1,35,1,832.99,0.2
1028,4,35,2,832.99,0.1
1047,3,35,1,832.99,0.05
1097,5,35,2,832.99,0.05
1105,3,35,2,832.99,0.07
1155,3,35,1,832.99,0.07
1182,1,35,1,832.99,0.1
1210,5,35,2,832.99,0.05
1407,4,35,1,832.99,0.2
1454,2,35,2,832.99,0.1
708,3,34,2,469.99,0.2
737,4,34,1,469.99,0.2
799,2,34,2,469.99,0.05
865,2,34,1,469.99,0.05
945,3,34,2,469.99,0.05
991,3,34,1,469.99,0.2
1003,1,34,2,469.99,0.05
1092,1,34,1,469.99,0.05
1239,3,34,2,469.99,0.1
1321,1,34,1,469.99,0.1
1593,2,34,1,469.99,0.07
656,3,33,2,469.99,0.05
684,2,33,1,469.99,0.1
689,1,33,2,469.99,0.1
721,4,33,1,469.99,0.2
744,1,33,2,469.99,0.2
747,3,33,2,469.99,0.1
773,4,33,2,469.99,0.07
805,2,33,2,469.99,0.2
813,3,33,2,469.99,0.2
869,3,33,1,469.99,0.05
888,1,33,2,469.99,0.1
974,1,33,2,469.99,0.1
1022,1,33,1,469.99,0.2
1063,1,33,2,469.99,0.1
1083,4,33,1,469.99,0.2
1088,3,33,1,469.99,0.07
1126,1,33,2,469.99,0.1
1179,3,33,2,469.99,0.2
1244,3,33,1,469.99,0.07
1248,2,33,2,469.99,0.1
1313,2,33,1,469.99,0.2
1527,1,33,1,469.99,0.1
640,2,32,1,469.99,0.07
675,4,32,1,469.99,0.2
780,1,32,1,469.99,0.1
805,4,32,1,469.99,0.07
873,1,32,2,469.99,0.1
891,2,32,1,469.99,0.05
947,1,32,1,469.99,0.05
996,2,32,1,469.99,0.05
1046,3,32,1,469.99,0.07
1080,4,32,2,469.99,0.2
1125,5,32,2,469.99,0.07
1199,1,32,1,469.99,0.05
1218,1,32,1,469.99,0.07
1224,4,32,1,469.99,0.2
1230,1,32,2,469.99,0.1
1236,2,32,2,469.99,0.05
1271,4,32,2,469.99,0.07
1278,2,32,1,469.99,0.1
1283,4,32,1,469.99,0.1
1308,5,32,1,469.99,0.07
1384,1,32,1,469.99,0.07
1548,1,32,1,469.99,0.1
693,4,31,1,1632.99,0.07
699,3,31,1,1632.99,0.2
752,2,31,2,1632.99,0.05
768,1,31,1,1632.99,0.2
903,1,31,2,1632.99,0.07
918,2,31,1,1632.99,0.1
955,2,31,2,1632.99,0.07
1080,1,31,1,1632.99,0.2
1095,4,31,1,1632.99,0.2
1120,2,31,1,1632.99,0.07
1157,2,31,2,1632.99,0.1
1360,1,31,1,1632.99,0.05
1415,1,31,2,1632.99,0.07
640,3,30,1,999.99,0.07
660,1,30,1,999.99,0.2
671,1,30,1,999.99,0.05
681,5,30,1,999.99,0.07
686,2,30,1,999.99,0.1
792,4,30,1,999.99,0.05
802,1,30,1,999.99,0.05
825,2,30,2,999.99,0.2
851,1,30,1,999.99,0.2
871,3,30,2,999.99,0.2
886,2,30,1,999.99,0.05
1019,1,30,1,999.99,0.1
1060,4,30,2,999.99,0.05
1084,1,30,1,999.99,0.05
1088,2,30,1,999.99,0.1
1089,2,30,2,999.99,0.05
1092,2,30,2,999.99,0.07
1120,3,30,2,999.99,0.05
1142,2,30,1,999.99,0.1
1151,1,30,2,999.99,0.05
1257,1,30,2,999.99,0.05
1275,2,30,1,999.99,0.1
658,2,29,1,999.99,0.05
660,4,29,2,999.99,0.2
676,4,29,1,999.99,0.2
731,4,29,1,999.99,0.2
760,2,29,2,999.99,0.07
767,2,29,1,999.99,0.07
783,4,29,1,999.99,0.1
799,3,29,2,999.99,0.07
857,1,29,1,999.99,0.2
944,1,29,2,999.99,0.07
990,2,29,1,999.99,0.1
1000,4,29,2,999.99,0.05
1058,2,29,2,999.99,0.05
1082,1,29,2,999.99,0.2
1118,3,29,1,999.99,0.05
1150,1,29,1,999.99,0.05
1161,4,29,2,999.99,0.1
1167,1,29,2,999.99,0.05
1206,2,29,1,999.99,0.2
1264,3,29,2,999.99,0.2
1336,1,29,2,999.99,0.2
1435,2,29,1,999.99,0.2
1605,5,29,1,999.99,0.07
1607,1,29,1,999.99,0.05
670,2,28,1,2499.99,0.07
710,5,28,1,2499.99,0.05
749,2,28,1,2499.99,0.05
765,1,28,2,2499.99,0.2
776,1,28,1,2499.99,0.2
794,4,28,1,2499.99,0.1
802,4,28,1,2499.99,0.05
827,3,28,1,2499.99,0.2
838,1,28,1,2499.99,0.1
880,1,28,2,2499.99,0.2
900,5,28,2,2499.99,0.07
906,2,28,2,2499.99,0.07
937,4,28,2,2499.99,0.07
973,2,28,2,2499.99,0.1
1024,2,28,2,2499.99,0.05
1040,2,28,2,2499.99,0.2
1045,1,28,1,2499.99,0.05
1047,1,28,2,2499.99,0.1
1137,1,28,1,2499.99,0.2
1247,2,28,2,2499.99,0.1
1322,1,28,2,2499.99,0.05
1325,4,28,1,2499.99,0.07
1399,4,28,1,2499.99,0.05
1402,2,28,2,2499.99,0.05
1428,4,28,1,2499.99,0.1
1589,3,28,2,2499.99,0.1
706,1,27,1,999.99,0.1
758,3,27,1,999.99,0.07
832,3,27,1,999.99,0.07
840,1,27,1,999.99,0.07
874,2,27,2,999.99,0.05
977,3,27,1,999.99,0.05
989,2,27,1,999.99,0.1
1030,1,27,1,999.99,0.05
1031,1,27,2,999.99,0.2
1033,3,27,2,999.99,0.07
1040,4,27,2,999.99,0.07
1186,4,27,1,999.99,0.2
1193,2,27,1,999.99,0.05
1242,2,27,1,999.99,0.07
1267,2,27,1,999.99,0.07
1287,1,27,2,999.99,0.2
1311,3,27,2,999.99,0.1
1323,1,27,2,999.99,0.07
1362,1,27,2,999.99,0.2
1390,2,27,2,999.99,0.05
1515,1,27,2,999.99,0.2
5,3,26,1,599.99,0.07
27,3,26,2,599.99,0.07
30,1,26,1,599.99,0.05
41,3,26,2,599.99,0.2
50,2,26,2,599.99,0.07
51,3,26,2,599.99,0.2
54,1,26,2,599.99,0.2
71,1,26,2,599.99,0.05
73,2,26,2,599.99,0.05
77,3,26,1,599.99,0.2
80,1,26,1,599.99,0.1
96,1,26,1,599.99,0.1
104,2,26,1,599.99,0.05
116,1,26,1,599.99,0.05
117,2,26,1,599.99,0.05
130,1,26,1,599.99,0.05
147,1,26,2,599.99,0.2
151,2,26,1,599.99,0.1
179,2,26,1,599.99,0.1
203,1,26,1,599.99,0.05
219,1,26,1,599.99,0.05
232,3,26,2,599.99,0.07
237,4,26,1,599.99,0.05
248,2,26,2,599.99,0.1
259,1,26,1,599.99,0.05
280,2,26,2,599.99,0.07
286,1,26,2,599.99,0.2
321,3,26,1,599.99,0.2
323,2,26,2,599.99,0.1
329,5,26,2,599.99,0.05
342,1,26,1,599.99,0.07
360,1,26,1,599.99,0.05
367,1,26,2,599.99,0.1
378,1,26,2,599.99,0.05
385,3,26,2,599.99,0.05
402,3,26,1,599.99,0.05
411,2,26,2,599.99,0.05
417,1,26,2,599.99,0.07
427,3,26,2,599.99,0.07
442,2,26,2,599.99,0.2
443,2,26,1,599.99,0.2
449,4,26,2,599.99,0.2
473,1,26,1,599.99,0.07
475,2,26,2,599.99,0.2
479,1,26,1,599.99,0.07
485,2,26,2,599.99,0.05
492,3,26,1,599.99,0.05
493,3,26,1,599.99,0.05
505,1,26,1,599.99,0.2
520,1,26,1,599.99,0.1
524,5,26,1,599.99,0.05
537,2,26,1,599.99,0.05
540,2,26,2,599.99,0.1
543,3,26,2,599.99,0.05
551,2,26,1,599.99,0.07
560,2,26,2,599.99,0.1
562,2,26,1,599.99,0.05
574,1,26,1,599.99,0.05
594,1,26,1,599.99,0.1
595,5,26,2,599.99,0.05
600,1,26,2,599.99,0.07
607,2,26,2,599.99,0.2
610,1,26,1,599.99,0.1
625,3,26,1,599.99,0.07
627,3,26,1,599.99,0.07
674,1,26,2,599.99,0.2
707,4,26,2,599.99,0.1
734,1,26,1,599.99,0.2
798,5,26,2,599.99,0.05
809,2,26,1,599.99,0.2
813,4,26,2,599.99,0.07
845,3,26,2,599.99,0.05
880,4,26,1,599.99,0.1
888,2,26,2,599.99,0.2
900,1,26,2,599.99,0.05
976,1,26,2,599.99,0.1
986,3,26,2,599.99,0.07
998,1,26,2,599.99,0.05
1007,1,26,1,599.99,0.2
1033,1,26,1,599.99,0.07
1049,4,26,1,599.99,0.07
1052,3,26,2,599.99,0.07
1053,2,26,2,599.99,0.2
1201,3,26,1,599.99,0.2
1210,1,26,1,599.99,0.1
1227,3,26,1,599.99,0.05
1247,3,26,1,599.99,0.05
1255,4,26,2,599.99,0.05
1315,4,26,1,599.99,0.07
1502,3,26,2,599.99,0.07
18,4,25,2,499.99,0.05
32,3,25,2,499.99,0.1
38,3,25,1,499.99,0.2
47,3,25,2,499.99,0.07
52,1,25,1,499.99,0.07
53,4,25,2,499.99,0.1
55,2,25,2,499.99,0.2
61,1,25,1,499.99,0.1
63,1,25,2,499.99,0.1
64,1,25,2,499.99,0.1
73,4,25,1,499.99,0.07
77,4,25,1,499.99,0.2
79,4,25,2,499.99,0.07
81,3,25,2,499.99,0.05
82,1,25,2,499.99,0.1
91,2,25,1,499.99,0.05
99,3,25,2,499.99,0.05
112,2,25,2,499.99,0.07
119,1,25,1,499.99,0.05
135,3,25,1,499.99,0.2
150,4,25,2,499.99,0.07
182,1,25,2,499.99,0.05
191,1,25,1,499.99,0.05
192,2,25,1,499.99,0.07
199,1,25,2,499.99,0.05
202,4,25,2,499.99,0.05
206,1,25,1,499.99,0.05
220,2,25,1,499.99,0.07
224,4,25,1,499.99,0.05
228,1,25,1,499.99,0.2
229,1,25,2,499.99,0.2
238,2,25,1,499.99,0.07
243,1,25,2,499.99,0.05
244,2,25,1,499.99,0.2
247,1,25,1,499.99,0.07
266,3,25,1,499.99,0.05
270,1,25,2,499.99,0.2
274,2,25,2,499.99,0.1
275,2,25,1,499.99,0.1
279,1,25,1,499.99,0.07
280,1,25,1,499.99,0.07
294,4,25,2,499.99,0.2
296,1,25,2,499.99,0.07
318,2,25,2,499.99,0.2
343,2,25,1,499.99,0.05
360,4,25,1,499.99,0.1
364,1,25,2,499.99,0.05
370,1,25,2,499.99,0.05
396,2,25,2,499.99,0.05
398,3,25,1,499.99,0.2
399,1,25,1,499.99,0.05
404,2,25,2,499.99,0.05
410,1,25,1,499.99,0.1
413,2,25,1,499.99,0.1
454,1,25,2,499.99,0.07
465,2,25,2,499.99,0.1
468,4,25,1,499.99,0.1
475,3,25,1,499.99,0.2
497,1,25,2,499.99,0.07
506,1,25,1,499.99,0.1
508,4,25,1,499.99,0.07
515,3,25,2,499.99,0.07
518,3,25,2,499.99,0.05
531,3,25,1,499.99,0.07
533,4,25,1,499.99,0.05
537,4,25,2,499.99,0.2
543,1,25,1,499.99,0.2
545,1,25,2,499.99,0.2
562,1,25,2,499.99,0.07
565,2,25,2,499.99,0.1
578,2,25,2,499.99,0.2
591,2,25,2,499.99,0.05
593,2,25,1,499.99,0.07
605,2,25,2,499.99,0.05
619,1,25,1,499.99,0.07
622,4,25,1,499.99,0.07
630,2,25,1,499.99,0.1
632,1,25,1,499.99,0.2
647,1,25,2,499.99,0.07
665,3,25,2,499.99,0.05
702,1,25,2,499.99,0.05
738,3,25,1,499.99,0.1
765,3,25,1,499.99,0.2
785,3,25,1,499.99,0.07
791,2,25,2,499.99,0.07
828,1,25,2,499.99,0.2
860,3,25,1,499.99,0.2
941,1,25,1,499.99,0.1
943,1,25,1,499.99,0.2
978,2,25,2,499.99,0.2
1071,1,25,2,499.99,0.2
1139,4,25,2,499.99,0.1
1237,5,25,1,499.99,0.07
1253,1,25,2,499.99,0.1
1271,1,25,2,499.99,0.1
1296,1,25,2,499.99,0.05
1462,2,25,1,499.99,0.07
1546,4,25,1,499.99,0.05
29,1,24,2,549.99,0.05
38,5,24,1,549.99,0.07
64,4,24,2,549.99,0.1
71,2,24,1,549.99,0.2
77,2,24,2,549.99,0.1
80,2,24,1,549.99,0.1
100,5,24,2,549.99,0.1
112,3,24,2,549.99,0.05
113,2,24,2,549.99,0.1
121,4,24,2,549.99,0.07
128,1,24,2,549.99,0.1
131,3,24,2,549.99,0.1
158,1,24,1,549.99,0.1
161,1,24,2,549.99,0.07
170,2,24,1,549.99,0.05
181,4,24,2,549.99,0.05
182,2,24,2,549.99,0.07
190,1,24,1,549.99,0.05
192,4,24,2,549.99,0.07
201,1,24,1,549.99,0.05
205,2,24,2,549.99,0.1
237,2,24,1,549.99,0.07
260,3,24,2,549.99,0.2
264,2,24,2,549.99,0.05
267,3,24,1,549.99,0.1
284,1,24,2,549.99,0.2
289,2,24,1,549.99,0.2
302,1,24,2,549.99,0.2
303,2,24,2,549.99,0.05
312,1,24,2,549.99,0.05
340,2,24,1,549.99,0.05
345,2,24,2,549.99,0.07
351,2,24,2,549.99,0.1
357,3,24,1,549.99,0.07
361,1,24,2,549.99,0.05
365,1,24,2,549.99,0.07
391,3,24,2,549.99,0.07
400,1,24,2,549.99,0.07
403,4,24,1,549.99,0.2
410,3,24,2,549.99,0.1
412,2,24,1,549.99,0.07
416,3,24,1,549.99,0.1
433,3,24,1,549.99,0.1
450,1,24,1,549.99,0.05
454,3,24,2,549.99,0.1
457,1,24,2,549.99,0.07
458,4,24,1,549.99,0.2
461,4,24,1,549.99,0.1
484,2,24,1,549.99,0.05
498,1,24,1,549.99,0.07
504,1,24,2,549.99,0.1
520,2,24,1,549.99,0.2
534,4,24,2,549.99,0.1
535,1,24,1,549.99,0.05
545,3,24,1,549.99,0.2
552,3,24,1,549.99,0.2
553,1,24,1,549.99,0.1
566,1,24,2,549.99,0.07
569,2,24,2,549.99,0.1
570,2,24,2,549.99,0.1
587,1,24,1,549.99,0.05
590,5,24,1,549.99,0.1
608,3,24,1,549.99,0.1
610,2,24,1,549.99,0.07
616,1,24,1,549.99,0.2
631,1,24,2,549.99,0.07
648,1,24,1,549.99,0.07
676,3,24,1,549.99,0.1
699,4,24,2,549.99,0.1
723,1,24,2,549.99,0.07
749,4,24,1,549.99,0.05
805,1,24,1,549.99,0.05
828,2,24,1,549.99,0.2
860,2,24,2,549.99,0.2
913,2,24,2,549.99,0.05
929,3,24,1,549.99,0.05
1094,3,24,1,549.99,0.1
1111,4,24,1,549.99,0.07
1125,4,24,1,549.99,0.07
1152,3,24,1,549.99,0.05
1192,1,24,2,549.99,0.1
1276,4,24,2,549.99,0.2
1303,5,24,2,549.99,0.1
1315,3,24,1,549.99,0.1
1367,4,24,2,549.99,0.05
1385,1,24,2,549.99,0.05
1400,1,24,2,549.99,0.2
1505,2,24,2,549.99,0.07
1555,1,24,2,549.99,0.1
15,4,23,2,299.99,0.2
17,2,23,1,299.99,0.1
23,2,23,2,299.99,0.1
25,1,23,2,299.99,0.2
33,1,23,2,299.99,0.07
38,2,23,1,299.99,0.07
53,2,23,2,299.99,0.05
57,1,23,2,299.99,0.1
58,3,23,1,299.99,0.1
64,3,23,2,299.99,0.2
66,2,23,1,299.99,0.07
67,1,23,2,299.99,0.2
73,5,23,2,299.99,0.2
81,2,23,2,299.99,0.05
84,1,23,2,299.99,0.07
86,2,23,2,299.99,0.07
87,2,23,2,299.99,0.1
96,2,23,1,299.99,0.05
99,5,23,2,299.99,0.2
112,1,23,2,299.99,0.2
113,4,23,1,299.99,0.2
118,5,23,2,299.99,0.07
137,1,23,1,299.99,0.07
165,2,23,1,299.99,0.2
172,1,23,1,299.99,0.07
191,5,23,1,299.99,0.05
200,1,23,2,299.99,0.05
228,3,23,2,299.99,0.1
234,5,23,1,299.99,0.1
251,1,23,2,299.99,0.2
260,1,23,2,299.99,0.2
267,2,23,2,299.99,0.1
269,2,23,2,299.99,0.07
298,1,23,1,299.99,0.2
319,4,23,1,299.99,0.05
321,4,23,2,299.99,0.2
326,2,23,1,299.99,0.07
329,3,23,1,299.99,0.2
341,1,23,2,299.99,0.05
346,2,23,1,299.99,0.2
347,1,23,1,299.99,0.07
356,1,23,2,299.99,0.05
376,2,23,2,299.99,0.1
390,1,23,1,299.99,0.05
394,1,23,1,299.99,0.05
401,1,23,1,299.99,0.2
415,2,23,2,299.99,0.2
421,5,23,2,299.99,0.2
423,3,23,2,299.99,0.07
426,2,23,2,299.99,0.05
436,2,23,1,299.99,0.2
445,3,23,1,299.99,0.2
453,1,23,1,299.99,0.05
456,2,23,1,299.99,0.07
480,3,23,2,299.99,0.07
486,2,23,2,299.99,0.05
488,2,23,2,299.99,0.05
490,2,23,1,299.99,0.05
494,1,23,1,299.99,0.1
496,1,23,1,299.99,0.2
501,4,23,2,299.99,0.07
509,1,23,2,299.99,0.2
513,3,23,1,299.99,0.07
519,3,23,2,299.99,0.05
539,2,23,1,299.99,0.05
540,3,23,2,299.99,0.07
552,1,23,1,299.99,0.2
574,4,23,2,299.99,0.1
584,2,23,1,299.99,0.07
586,2,23,2,299.99,0.2
587,2,23,1,299.99,0.05
588,2,23,1,299.99,0.2
596,2,23,2,299.99,0.1
599,3,23,1,299.99,0.07
615,2,23,1,299.99,0.05
625,4,23,2,299.99,0.1
629,3,23,2,299.99,0.1
652,4,23,1,299.99,0.1
691,1,23,2,299.99,0.05
706,2,23,2,299.99,0.05
724,1,23,1,299.99,0.05
798,1,23,1,299.99,0.1
815,4,23,1,299.99,0.07
843,4,23,2,299.99,0.07
906,1,23,2,299.99,0.2
910,1,23,1,299.99,0.1
948,1,23,2,299.99,0.2
953,1,23,2,299.99,0.07
956,2,23,1,299.99,0.2
1021,2,23,2,299.99,0.07
1042,1,23,1,299.99,0.1
1053,3,23,2,299.99,0.2
1127,1,23,2,299.99,0.1
1168,1,23,2,299.99,0.1
1207,3,23,1,299.99,0.07
1237,1,23,1,299.99,0.1
1240,2,23,2,299.99,0.05
1408,1,23,2,299.99,0.2
1529,1,23,1,299.99,0.05
1590,3,23,1,299.99,0.07
8,1,22,1,269.99,0.05
11,2,22,2,269.99,0.1
18,2,22,1,269.99,0.05
22,2,22,1,269.99,0.05
25,3,22,1,269.99,0.2
35,5,22,1,269.99,0.07
39,1,22,2,269.99,0.2
45,2,22,1,269.99,0.07
60,4,22,1,269.99,0.2
62,3,22,2,269.99,0.1
64,2,22,2,269.99,0.2
69,1,22,2,269.99,0.1
73,1,22,1,269.99,0.07
93,1,22,2,269.99,0.07
98,4,22,2,269.99,0.2
102,2,22,1,269.99,0.07
108,2,22,2,269.99,0.07
109,1,22,2,269.99,0.1
115,1,22,1,269.99,0.2
117,1,22,2,269.99,0.2
131,1,22,2,269.99,0.2
133,2,22,1,269.99,0.2
137,2,22,1,269.99,0.1
152,2,22,2,269.99,0.2
161,2,22,1,269.99,0.05
168,4,22,2,269.99,0.2
174,1,22,2,269.99,0.2
200,2,22,2,269.99,0.07
205,1,22,2,269.99,0.05
216,1,22,2,269.99,0.1
220,3,22,2,269.99,0.1
228,5,22,1,269.99,0.05
238,4,22,2,269.99,0.05
244,3,22,1,269.99,0.1
249,3,22,1,269.99,0.1
251,2,22,2,269.99,0.05
267,1,22,2,269.99,0.2
281,1,22,1,269.99,0.07
295,1,22,2,269.99,0.07
298,3,22,1,269.99,0.2
301,2,22,1,269.99,0.1
306,2,22,1,269.99,0.07
314,3,22,2,269.99,0.2
317,2,22,1,269.99,0.05
324,3,22,2,269.99,0.2
338,3,22,1,269.99,0.1
344,1,22,1,269.99,0.05
351,4,22,2,269.99,0.07
373,2,22,1,269.99,0.1
383,2,22,2,269.99,0.05
403,3,22,2,269.99,0.05
416,1,22,1,269.99,0.07
424,1,22,1,269.99,0.1
430,1,22,2,269.99,0.1
435,1,22,1,269.99,0.05
438,2,22,1,269.99,0.1
444,1,22,1,269.99,0.07
446,1,22,1,269.99,0.2
460,4,22,2,269.99,0.1
467,3,22,2,269.99,0.1
476,1,22,2,269.99,0.07
488,3,22,1,269.99,0.05
492,2,22,2,269.99,0.1
495,1,22,1,269.99,0.2
511,1,22,2,269.99,0.05
522,2,22,2,269.99,0.07
535,3,22,2,269.99,0.1
536,1,22,1,269.99,0.1
541,1,22,2,269.99,0.05
554,2,22,1,269.99,0.05
584,4,22,1,269.99,0.05
599,2,22,2,269.99,0.2
609,3,22,2,269.99,0.1
624,3,22,1,269.99,0.07
632,5,22,2,269.99,0.1
656,2,22,1,269.99,0.07
661,2,22,2,269.99,0.05
662,4,22,1,269.99,0.07
722,1,22,2,269.99,0.07
745,2,22,2,269.99,0.2
758,1,22,2,269.99,0.07
783,2,22,2,269.99,0.05
784,1,22,1,269.99,0.07
810,4,22,1,269.99,0.2
841,1,22,2,269.99,0.1
906,5,22,2,269.99,0.2
912,1,22,2,269.99,0.2
946,4,22,2,269.99,0.2
974,2,22,2,269.99,0.2
982,1,22,2,269.99,0.1
1148,2,22,1,269.99,0.07
1161,3,22,1,269.99,0.2
1214,3,22,1,269.99,0.05
1586,1,22,2,269.99,0.1
16,2,21,1,269.99,0.05
25,5,21,1,269.99,0.1
26,4,21,2,269.99,0.07
29,3,21,2,269.99,0.1
35,4,21,2,269.99,0.07
45,3,21,2,269.99,0.05
55,1,21,1,269.99,0.05
59,1,21,1,269.99,0.05
67,3,21,1,269.99,0.2
86,3,21,2,269.99,0.2
93,3,21,1,269.99,0.1
94,4,21,2,269.99,0.07
98,2,21,1,269.99,0.1
99,2,21,1,269.99,0.2
140,2,21,1,269.99,0.2
149,2,21,2,269.99,0.07
160,1,21,1,269.99,0.07
162,2,21,2,269.99,0.07
175,3,21,2,269.99,0.1
194,1,21,2,269.99,0.2
195,5,21,2,269.99,0.1
214,1,21,1,269.99,0.1
223,3,21,2,269.99,0.1
225,1,21,1,269.99,0.1
239,2,21,2,269.99,0.05
255,4,21,1,269.99,0.07
256,2,21,1,269.99,0.05
267,5,21,1,269.99,0.05
273,1,21,1,269.99,0.1
286,2,21,2,269.99,0.07
290,3,21,1,269.99,0.1
291,2,21,2,269.99,0.07
319,2,21,1,269.99,0.2
322,2,21,1,269.99,0.07
330,1,21,2,269.99,0.05
335,3,21,1,269.99,0.07
346,3,21,1,269.99,0.1
354,1,21,1,269.99,0.2
357,2,21,2,269.99,0.07
358,1,21,2,269.99,0.1
363,1,21,2,269.99,0.1
366,1,21,1,269.99,0.1
368,3,21,2,269.99,0.1
375,1,21,2,269.99,0.05
381,1,21,2,269.99,0.07
383,4,21,2,269.99,0.05
384,2,21,2,269.99,0.2
385,1,21,1,269.99,0.07
409,3,21,1,269.99,0.05
425,2,21,2,269.99,0.07
434,1,21,1,269.99,0.05
458,2,21,2,269.99,0.07
472,2,21,2,269.99,0.1
478,1,21,2,269.99,0.07
479,3,21,1,269.99,0.2
491,2,21,2,269.99,0.05
496,3,21,2,269.99,0.2
498,2,21,1,269.99,0.1
512,1,21,1,269.99,0.07
517,1,21,2,269.99,0.07
522,3,21,1,269.99,0.05
526,3,21,1,269.99,0.05
528,1,21,2,269.99,0.05
534,1,21,2,269.99,0.05
539,3,21,2,269.99,0.07
544,3,21,1,269.99,0.05
558,4,21,2,269.99,0.05
566,4,21,2,269.99,0.2
578,1,21,1,269.99,0.07
580,3,21,2,269.99,0.2
587,4,21,1,269.99,0.2
592,1,21,2,269.99,0.1
594,2,21,2,269.99,0.05
614,2,21,1,269.99,0.05
624,1,21,2,269.99,0.05
630,4,21,2,269.99,0.07
645,5,21,2,269.99,0.07
741,3,21,2,269.99,0.07
760,1,21,2,269.99,0.07
807,1,21,2,269.99,0.2
834,2,21,1,269.99,0.05
884,5,21,2,269.99,0.05
933,2,21,1,269.99,0.2
981,3,21,2,269.99,0.07
1034,4,21,1,269.99,0.05
1125,2,21,1,269.99,0.1
1150,4,21,2,269.99,0.1
1185,2,21,1,269.99,0.07
1253,2,21,1,269.99,0.07
1336,3,21,2,269.99,0.07
1,1,20,1,599.99,0.2
2,1,20,1,599.99,0.07
3,2,20,1,599.99,0.05
6,3,20,1,599.99,0.1
8,2,20,2,599.99,0.07
13,3,20,2,599.99,0.1
17,4,20,2,599.99,0.2
35,2,20,2,599.99,0.05
51,2,20,1,599.99,0.05
56,1,20,2,599.99,0.07
70,3,20,1,599.99,0.05
77,1,20,1,599.99,0.07
83,1,20,1,599.99,0.2
87,1,20,2,599.99,0.2
95,4,20,2,599.99,0.05
97,1,20,2,599.99,0.2
127,2,20,1,599.99,0.1
132,2,20,1,599.99,0.05
146,3,20,2,599.99,0.1
169,1,20,2,599.99,0.1
173,3,20,2,599.99,0.05
177,1,20,2,599.99,0.1
179,5,20,2,599.99,0.1
185,1,20,1,599.99,0.1
196,5,20,1,599.99,0.1
198,2,20,2,599.99,0.07
206,2,20,1,599.99,0.2
223,4,20,1,599.99,0.05
237,3,20,2,599.99,0.2
238,1,20,2,599.99,0.2
277,1,20,2,599.99,0.2
282,1,20,1,599.99,0.07
284,2,20,1,599.99,0.2
287,4,20,1,599.99,0.05
304,3,20,1,599.99,0.1
316,3,20,1,599.99,0.1
343,1,20,2,599.99,0.2
349,1,20,2,599.99,0.2
350,2,20,1,599.99,0.07
351,3,20,1,599.99,0.2
363,4,20,1,599.99,0.2
384,1,20,1,599.99,0.1
407,1,20,1,599.99,0.2
418,2,20,1,599.99,0.05
421,3,20,2,599.99,0.2
422,1,20,2,599.99,0.05
434,2,20,1,599.99,0.1
444,3,20,2,599.99,0.05
453,2,20,2,599.99,0.2
476,4,20,2,599.99,0.05
499,4,20,2,599.99,0.1
507,3,20,2,599.99,0.1
523,2,20,1,599.99,0.05
542,3,20,1,599.99,0.1
545,4,20,2,599.99,0.07
555,3,20,2,599.99,0.07
590,2,20,1,599.99,0.07
612,4,20,1,599.99,0.2
691,4,20,1,599.99,0.2
774,3,20,1,599.99,0.2
782,1,20,2,599.99,0.07
833,1,20,2,599.99,0.05
905,4,20,1,599.99,0.2
914,2,20,2,599.99,0.2
948,2,20,2,599.99,0.1
952,1,20,2,599.99,0.07
983,2,20,2,599.99,0.2
992,3,20,1,599.99,0.2
1006,1,20,1,599.99,0.07
1020,1,20,2,599.99,0.05
1029,1,20,1,599.99,0.2
1043,2,20,1,599.99,0.07
1073,3,20,1,599.99,0.2
1142,1,20,2,599.99,0.07
1157,1,20,1,599.99,0.1
1175,3,20,1,599.99,0.05
1228,3,20,2,599.99,0.05
1250,3,20,2,599.99,0.05
1273,2,20,1,599.99,0.07
1302,2,20,2,599.99,0.1
1312,3,20,1,599.99,0.07
1323,2,20,1,599.99,0.05
1426,2,20,2,599.99,0.05
1571,3,20,2,599.99,0.2
27,2,19,1,449,0.2
30,3,19,1,449,0.1
41,2,19,2,449,0.2
42,1,19,1,449,0.05
57,2,19,2,449,0.2
63,2,19,2,449,0.05
67,5,19,1,449,0.2
78,2,19,1,449,0.2
95,2,19,1,449,0.1
97,4,19,1,449,0.1
98,1,19,1,449,0.07
104,1,19,2,449,0.1
107,1,19,1,449,0.2
115,2,19,1,449,0.1
117,4,19,1,449,0.05
134,1,19,2,449,0.1
139,1,19,2,449,0.07
142,3,19,1,449,0.07
174,2,19,2,449,0.1
175,4,19,1,449,0.07
183,3,19,1,449,0.07
203,4,19,2,449,0.07
212,3,19,1,449,0.1
215,1,19,1,449,0.07
243,2,19,2,449,0.07
244,1,19,1,449,0.07
252,3,19,1,449,0.1
258,3,19,1,449,0.07
266,2,19,1,449,0.2
278,2,19,2,449,0.07
293,1,19,2,449,0.05
316,4,19,1,449,0.2
324,4,19,1,449,0.05
354,2,19,1,449,0.05
368,4,19,1,449,0.05
373,3,19,2,449,0.2
383,1,19,1,449,0.07
388,1,19,2,449,0.2
425,3,19,1,449,0.05
431,5,19,1,449,0.07
440,1,19,2,449,0.07
460,1,19,1,449,0.05
466,1,19,2,449,0.2
467,1,19,1,449,0.07
468,1,19,1,449,0.1
474,1,19,2,449,0.05
501,1,19,2,449,0.05
527,3,19,1,449,0.1
540,1,19,1,449,0.1
542,4,19,2,449,0.2
552,5,19,2,449,0.2
563,2,19,1,449,0.05
580,5,19,1,449,0.2
584,1,19,1,449,0.07
595,2,19,2,449,0.07
605,1,19,1,449,0.07
615,4,19,2,449,0.1
627,1,19,1,449,0.07
629,1,19,1,449,0.05
668,2,19,2,449,0.1
675,3,19,1,449,0.07
686,4,19,2,449,0.2
737,2,19,2,449,0.07
740,4,19,1,449,0.2
788,2,19,1,449,0.1
808,4,19,2,449,0.05
818,3,19,2,449,0.05
825,1,19,1,449,0.1
1000,3,19,2,449,0.07
1061,2,19,1,449,0.1
1091,3,19,1,449,0.1
1097,4,19,1,449,0.2
1185,1,19,2,449,0.07
1201,5,19,2,449,0.2
1216,3,19,1,449,0.2
1259,2,19,1,449,0.2
1263,3,19,2,449,0.1
1502,2,19,2,449,0.07
6,1,18,1,449,0.07
15,3,18,2,449,0.05
24,2,18,2,449,0.07
35,1,18,1,449,0.05
58,2,18,1,449,0.07
70,2,18,1,449,0.2
71,3,18,1,449,0.1
78,3,18,2,449,0.1
85,2,18,1,449,0.07
103,3,18,1,449,0.2
118,1,18,1,449,0.07
129,1,18,1,449,0.1
134,3,18,2,449,0.07
135,2,18,2,449,0.05
141,1,18,1,449,0.2
156,1,18,2,449,0.2
160,3,18,2,449,0.1
162,1,18,1,449,0.07
163,2,18,1,449,0.2
170,4,18,2,449,0.05
178,4,18,1,449,0.07
179,3,18,1,449,0.2
195,1,18,1,449,0.2
199,2,18,2,449,0.07
217,1,18,1,449,0.1
232,1,18,1,449,0.07
239,3,18,1,449,0.07
240,4,18,2,449,0.07
249,2,18,2,449,0.05
258,4,18,1,449,0.05
269,3,18,1,449,0.05
275,1,18,1,449,0.05
292,1,18,2,449,0.1
294,1,18,1,449,0.2
302,2,18,2,449,0.07
308,2,18,2,449,0.2
332,1,18,2,449,0.05
333,1,18,2,449,0.07
337,1,18,1,449,0.05
344,2,18,2,449,0.07
345,1,18,2,449,0.1
346,5,18,2,449,0.05
358,4,18,2,449,0.1
387,1,18,1,449,0.2
398,2,18,2,449,0.05
408,1,18,1,449,0.2
431,3,18,1,449,0.2
434,5,18,2,449,0.05
435,3,18,1,449,0.05
460,2,18,2,449,0.07
461,5,18,2,449,0.1
470,1,18,1,449,0.05
493,2,18,2,449,0.05
514,1,18,2,449,0.2
519,4,18,2,449,0.2
527,1,18,2,449,0.07
543,2,18,1,449,0.2
546,3,18,2,449,0.07
552,4,18,1,449,0.1
553,2,18,2,449,0.07
561,2,18,1,449,0.05
565,1,18,1,449,0.2
570,1,18,1,449,0.07
578,3,18,2,449,0.05
585,2,18,2,449,0.2
587,3,18,1,449,0.05
592,3,18,2,449,0.07
600,3,18,2,449,0.07
606,2,18,2,449,0.05
610,3,18,2,449,0.07
613,2,18,2,449,0.05
614,1,18,1,449,0.1
622,2,18,1,449,0.1
630,3,18,2,449,0.1
808,2,18,1,449,0.05
855,1,18,1,449,0.1
878,4,18,2,449,0.05
934,3,18,1,449,0.1
1017,4,18,2,449,0.2
1036,3,18,2,449,0.05
1039,1,18,2,449,0.2
1064,1,18,1,449,0.07
1070,2,18,2,449,0.1
1092,4,18,1,449,0.2
1276,1,18,2,449,0.2
1346,3,18,2,449,0.05
1467,1,18,1,449,0.07
1559,2,18,1,449,0.1
1596,2,18,1,449,0.1
5,2,17,1,429,0.07
7,3,17,2,429,0.1
13,2,17,2,429,0.05
21,2,17,1,429,0.1
30,2,17,1,429,0.07
34,3,17,2,429,0.2
40,1,17,1,429,0.2
46,1,17,1,429,0.1
59,3,17,2,429,0.1
68,2,17,1,429,0.1
72,1,17,2,429,0.07
78,1,17,1,429,0.07
79,2,17,2,429,0.05
80,3,17,1,429,0.2
93,2,17,1,429,0.05
103,1,17,1,429,0.07
106,1,17,1,429,0.1
120,4,17,1,429,0.05
125,1,17,1,429,0.1
127,1,17,1,429,0.07
150,3,17,1,429,0.07
151,1,17,1,429,0.1
156,2,17,2,429,0.05
183,4,17,1,429,0.07
198,5,17,1,429,0.05
201,4,17,1,429,0.05
202,2,17,1,429,0.05
203,3,17,2,429,0.2
204,2,17,2,429,0.1
217,3,17,1,429,0.07
234,2,17,2,429,0.05
246,1,17,2,429,0.2
248,3,17,1,429,0.1
250,1,17,2,429,0.05
261,3,17,2,429,0.1
276,2,17,1,429,0.05
289,3,17,1,429,0.2
311,1,17,2,429,0.05
316,5,17,1,429,0.05
324,2,17,1,429,0.2
329,4,17,1,429,0.07
331,1,17,2,429,0.1
357,1,17,2,429,0.05
398,4,17,1,429,0.05
408,4,17,2,429,0.2
412,3,17,1,429,0.1
420,1,17,2,429,0.2
423,2,17,1,429,0.2
449,1,17,2,429,0.05
456,1,17,2,429,0.07
457,4,17,1,429,0.2
467,4,17,2,429,0.07
475,1,17,2,429,0.07
483,1,17,1,429,0.07
510,1,17,1,429,0.1
514,2,17,2,429,0.07
532,1,17,2,429,0.07
537,3,17,2,429,0.1
544,2,17,1,429,0.1
546,1,17,2,429,0.05
561,4,17,2,429,0.07
565,4,17,1,429,0.1
582,2,17,2,429,0.07
597,1,17,2,429,0.2
612,3,17,1,429,0.07
618,1,17,2,429,0.1
621,1,17,2,429,0.07
625,1,17,1,429,0.07
663,2,17,2,429,0.2
675,1,17,1,429,0.05
736,2,17,1,429,0.1
756,2,17,2,429,0.05
773,3,17,2,429,0.2
794,3,17,1,429,0.07
876,1,17,2,429,0.2
899,2,17,1,429,0.1
1032,2,17,1,429,0.1
1046,5,17,2,429,0.05
1093,2,17,2,429,0.1
1104,1,17,1,429,0.1
1133,2,17,1,429,0.07
1154,1,17,1,429,0.2
1173,2,17,1,429,0.07
1201,4,17,2,429,0.05
1219,1,17,2,429,0.07
1257,3,17,2,429,0.1
1288,4,17,2,429,0.07
1304,4,17,1,429,0.05
1415,2,17,1,429,0.05
1511,3,17,2,429,0.07
1541,4,17,1,429,0.1
1,4,16,2,599.99,0.05
2,2,16,2,599.99,0.05
11,3,16,2,599.99,0.2
13,4,16,2,599.99,0.05
37,1,16,2,599.99,0.05
39,2,16,2,599.99,0.2
44,2,16,1,599.99,0.05
74,1,16,2,599.99,0.05
100,4,16,2,599.99,0.2
108,3,16,2,599.99,0.05
120,5,16,2,599.99,0.2
122,1,16,1,599.99,0.1
124,1,16,1,599.99,0.05
128,2,16,2,599.99,0.1
138,1,16,2,599.99,0.1
142,1,16,2,599.99,0.1
152,3,16,2,599.99,0.07
153,1,16,1,599.99,0.07
172,2,16,1,599.99,0.2
173,2,16,1,599.99,0.2
176,3,16,2,599.99,0.05
180,1,16,1,599.99,0.07
189,1,16,2,599.99,0.2
212,1,16,2,599.99,0.07
216,2,16,2,599.99,0.05
233,2,16,2,599.99,0.1
239,1,16,2,599.99,0.1
261,1,16,2,599.99,0.05
278,1,16,1,599.99,0.2
282,4,16,2,599.99,0.07
283,2,16,2,599.99,0.2
285,1,16,2,599.99,0.05
286,3,16,2,599.99,0.1
300,1,16,2,599.99,0.1
312,3,16,2,599.99,0.05
316,2,16,2,599.99,0.1
334,1,16,2,599.99,0.2
342,3,16,2,599.99,0.1
355,1,16,1,599.99,0.1
366,3,16,2,599.99,0.2
379,2,16,1,599.99,0.2
380,1,16,1,599.99,0.05
386,3,16,2,599.99,0.2
394,2,16,1,599.99,0.2
404,3,16,2,599.99,0.2
409,2,16,2,599.99,0.2
442,1,16,2,599.99,0.07
444,4,16,1,599.99,0.1
445,2,16,1,599.99,0.07
446,2,16,2,599.99,0.07
452,2,16,1,599.99,0.05
461,1,16,1,599.99,0.07
481,2,16,2,599.99,0.07
518,1,16,2,599.99,0.2
519,2,16,1,599.99,0.1
523,4,16,2,599.99,0.07
532,2,16,2,599.99,0.2
542,1,16,2,599.99,0.2
549,2,16,1,599.99,0.05
551,1,16,1,599.99,0.05
556,1,16,1,599.99,0.1
558,2,16,1,599.99,0.07
560,1,16,1,599.99,0.05
569,1,16,1,599.99,0.05
570,5,16,1,599.99,0.05
580,1,16,2,599.99,0.2
591,1,16,2,599.99,0.05
592,2,16,1,599.99,0.05
598,2,16,2,599.99,0.07
611,1,16,2,599.99,0.07
616,2,16,2,599.99,0.2
624,2,16,1,599.99,0.07
669,1,16,2,599.99,0.07
686,1,16,1,599.99,0.2
723,2,16,1,599.99,0.05
748,1,16,2,599.99,0.1
782,4,16,2,599.99,0.2
784,3,16,1,599.99,0.2
792,1,16,2,599.99,0.2
807,5,16,1,599.99,0.2
832,4,16,2,599.99,0.1
845,1,16,2,599.99,0.2
890,1,16,2,599.99,0.1
898,2,16,1,599.99,0.07
927,2,16,2,599.99,0.2
944,2,16,2,599.99,0.1
995,1,16,2,599.99,0.1
1011,3,16,2,599.99,0.2
1054,2,16,1,599.99,0.05
1125,1,16,2,599.99,0.05
1132,4,16,1,599.99,0.05
1184,1,16,2,599.99,0.05
1272,1,16,2,599.99,0.2
1296,3,16,1,599.99,0.05
1315,5,16,2,599.99,0.2
7,1,15,1,529.99,0.07
22,1,15,2,529.99,0.2
39,4,15,1,529.99,0.1
47,2,15,1,529.99,0.1
55,3,15,2,529.99,0.2
60,3,15,1,529.99,0.07
61,2,15,2,529.99,0.05
75,3,15,1,529.99,0.2
84,2,15,2,529.99,0.07
86,4,15,1,529.99,0.1
91,3,15,2,529.99,0.07
102,1,15,1,529.99,0.05
103,4,15,2,529.99,0.1
140,1,15,1,529.99,0.2
153,3,15,2,529.99,0.05
160,2,15,2,529.99,0.07
181,3,15,2,529.99,0.2
190,2,15,1,529.99,0.2
202,3,15,2,529.99,0.05
223,5,15,1,529.99,0.05
227,2,15,2,529.99,0.1
233,4,15,2,529.99,0.07
237,1,15,1,529.99,0.2
257,4,15,1,529.99,0.1
264,3,15,2,529.99,0.1
270,2,15,1,529.99,0.1
307,1,15,2,529.99,0.05
317,3,15,1,529.99,0.05
319,3,15,2,529.99,0.1
339,2,15,2,529.99,0.05
346,4,15,1,529.99,0.05
348,2,15,2,529.99,0.07
359,1,15,2,529.99,0.07
363,3,15,1,529.99,0.1
384,4,15,1,529.99,0.1
389,2,15,2,529.99,0.07
409,1,15,1,529.99,0.07
420,2,15,2,529.99,0.1
427,2,15,2,529.99,0.1
441,2,15,1,529.99,0.1
444,2,15,2,529.99,0.07
466,4,15,1,529.99,0.1
469,3,15,2,529.99,0.2
472,1,15,1,529.99,0.1
480,2,15,1,529.99,0.05
491,3,15,2,529.99,0.05
493,1,15,1,529.99,0.05
499,2,15,1,529.99,0.07
518,4,15,2,529.99,0.2
526,4,15,1,529.99,0.07
535,2,15,1,529.99,0.1
549,1,15,1,529.99,0.07
551,4,15,2,529.99,0.2
559,1,15,2,529.99,0.1
561,1,15,2,529.99,0.05
564,2,15,1,529.99,0.2
580,2,15,1,529.99,0.07
583,1,15,2,529.99,0.2
584,3,15,1,529.99,0.1
585,3,15,1,529.99,0.05
589,1,15,2,529.99,0.05
602,1,15,2,529.99,0.05
617,1,15,2,529.99,0.2
626,1,15,1,529.99,0.2
628,1,15,2,529.99,0.1
631,2,15,2,529.99,0.07
632,3,15,1,529.99,0.07
639,1,15,1,529.99,0.07
641,1,15,1,529.99,0.05
646,1,15,2,529.99,0.2
679,1,15,2,529.99,0.2
692,3,15,2,529.99,0.07
875,2,15,2,529.99,0.05
959,1,15,1,529.99,0.2
1020,3,15,1,529.99,0.07
1025,4,15,1,529.99,0.05
1066,1,15,2,529.99,0.05
1078,3,15,1,529.99,0.07
1087,1,15,1,529.99,0.07
1095,3,15,2,529.99,0.1
1168,5,15,2,529.99,0.05
1170,1,15,1,529.99,0.1
1211,1,15,2,529.99,0.2
1213,4,15,1,529.99,0.05
1239,1,15,2,529.99,0.2
1240,3,15,2,529.99,0.2
1247,1,15,2,529.99,0.1
1379,1,15,1,529.99,0.1
1501,3,15,1,529.99,0.05
1573,3,15,2,529.99,0.1
1583,1,15,1,529.99,0.05
10,1,14,1,269.99,0.1
16,4,14,1,269.99,0.07
21,1,14,1,269.99,0.05
25,4,14,1,269.99,0.2
28,3,14,2,269.99,0.1
29,5,14,2,269.99,0.05
48,4,14,2,269.99,0.07
53,3,14,2,269.99,0.2
58,1,14,2,269.99,0.05
60,1,14,2,269.99,0.05
62,1,14,1,269.99,0.07
78,4,14,2,269.99,0.1
110,1,14,1,269.99,0.1
111,1,14,1,269.99,0.1
117,3,14,1,269.99,0.2
121,2,14,2,269.99,0.1
148,1,14,1,269.99,0.05
164,3,14,1,269.99,0.1
169,5,14,2,269.99,0.05
173,1,14,1,269.99,0.05
184,3,14,1,269.99,0.1
195,2,14,1,269.99,0.05
201,3,14,2,269.99,0.1
210,1,14,1,269.99,0.07
231,2,14,2,269.99,0.2
233,1,14,1,269.99,0.1
255,2,14,1,269.99,0.2
261,2,14,1,269.99,0.1
281,2,14,2,269.99,0.1
294,2,14,1,269.99,0.2
298,5,14,2,269.99,0.1
308,3,14,1,269.99,0.2
310,2,14,2,269.99,0.1
312,2,14,2,269.99,0.07
329,1,14,2,269.99,0.07
344,3,14,1,269.99,0.2
352,2,14,1,269.99,0.2
355,2,14,2,269.99,0.07
363,2,14,1,269.99,0.07
367,2,14,1,269.99,0.05
371,1,14,1,269.99,0.2
372,2,14,2,269.99,0.1
377,2,14,1,269.99,0.07
383,5,14,1,269.99,0.1
392,1,14,2,269.99,0.1
394,3,14,2,269.99,0.2
395,1,14,1,269.99,0.05
399,3,14,1,269.99,0.1
405,3,14,2,269.99,0.07
416,2,14,1,269.99,0.07
428,2,14,1,269.99,0.2
431,1,14,2,269.99,0.2
451,1,14,2,269.99,0.05
471,1,14,1,269.99,0.2
482,2,14,1,269.99,0.1
490,3,14,1,269.99,0.1
499,3,14,2,269.99,0.2
500,2,14,1,269.99,0.2
501,3,14,1,269.99,0.1
521,2,14,1,269.99,0.2
536,4,14,1,269.99,0.07
598,3,14,1,269.99,0.1
607,3,14,1,269.99,0.07
612,2,14,1,269.99,0.1
624,4,14,2,269.99,0.2
629,4,14,2,269.99,0.05
773,2,14,1,269.99,0.05
858,3,14,1,269.99,0.07
859,3,14,2,269.99,0.1
861,1,14,2,269.99,0.07
875,3,14,1,269.99,0.07
957,2,14,2,269.99,0.07
990,4,14,2,269.99,0.1
997,3,14,2,269.99,0.07
1005,1,14,2,269.99,0.2
1027,2,14,2,269.99,0.05
1050,4,14,2,269.99,0.2
1061,1,14,1,269.99,0.07
1111,3,14,1,269.99,0.2
1238,2,14,1,269.99,0.1
1255,3,14,2,269.99,0.2
1299,1,14,2,269.99,0.1
1308,3,14,2,269.99,0.07
1312,2,14,1,269.99,0.2
1449,5,14,2,269.99,0.1
1564,2,14,1,269.99,0.1
13,1,13,1,269.99,0.1
16,3,13,2,269.99,0.07
23,3,13,1,269.99,0.2
43,1,13,2,269.99,0.1
47,4,13,1,269.99,0.2
49,1,13,2,269.99,0.07
50,3,13,2,269.99,0.2
51,1,13,1,269.99,0.05
57,3,13,1,269.99,0.07
68,1,13,2,269.99,0.07
72,3,13,2,269.99,0.1
91,4,13,2,269.99,0.07
99,1,13,1,269.99,0.2
106,2,13,2,269.99,0.1
107,2,13,2,269.99,0.1
114,3,13,2,269.99,0.1
120,1,13,2,269.99,0.05
133,1,13,2,269.99,0.05
159,1,13,1,269.99,0.2
167,3,13,2,269.99,0.05
179,1,13,2,269.99,0.05
198,4,13,2,269.99,0.05
209,1,13,1,269.99,0.1
210,2,13,2,269.99,0.2
213,1,13,1,269.99,0.1
218,2,13,1,269.99,0.07
235,2,13,2,269.99,0.05
238,3,13,2,269.99,0.2
248,1,13,1,269.99,0.1
257,2,13,2,269.99,0.2
271,3,13,1,269.99,0.1
277,3,13,2,269.99,0.1
278,3,13,1,269.99,0.07
280,3,13,1,269.99,0.07
289,1,13,1,269.99,0.07
317,4,13,2,269.99,0.2
318,1,13,2,269.99,0.1
322,1,13,2,269.99,0.2
323,1,13,2,269.99,0.07
327,2,13,1,269.99,0.07
339,1,13,1,269.99,0.1
340,3,13,2,269.99,0.1
346,1,13,1,269.99,0.07
356,3,13,1,269.99,0.05
360,3,13,2,269.99,0.05
373,5,13,1,269.99,0.1
382,3,13,1,269.99,0.07
383,3,13,1,269.99,0.1
388,2,13,2,269.99,0.07
430,4,13,2,269.99,0.2
431,4,13,2,269.99,0.07
438,4,13,2,269.99,0.05
448,1,13,2,269.99,0.05
454,2,13,2,269.99,0.05
463,1,13,2,269.99,0.07
470,2,13,1,269.99,0.05
471,2,13,2,269.99,0.05
481,1,13,2,269.99,0.2
482,1,13,1,269.99,0.2
485,1,13,1,269.99,0.1
488,1,13,2,269.99,0.07
490,4,13,2,269.99,0.07
496,2,13,1,269.99,0.1
502,1,13,1,269.99,0.05
503,1,13,2,269.99,0.07
507,2,13,2,269.99,0.07
511,2,13,1,269.99,0.1
513,2,13,1,269.99,0.2
549,5,13,2,269.99,0.1
563,3,13,2,269.99,0.1
572,2,13,2,269.99,0.1
574,2,13,2,269.99,0.1
605,3,13,2,269.99,0.2
612,1,13,1,269.99,0.1
633,2,13,2,269.99,0.2
647,2,13,1,269.99,0.1
673,4,13,1,269.99,0.1
693,2,13,1,269.99,0.2
730,4,13,1,269.99,0.1
771,1,13,2,269.99,0.2
788,3,13,1,269.99,0.05
859,2,13,1,269.99,0.1
864,3,13,1,269.99,0.2
866,4,13,2,269.99,0.07
878,2,13,1,269.99,0.1
904,4,13,1,269.99,0.2
938,2,13,1,269.99,0.05
956,4,13,2,269.99,0.2
1015,4,13,1,269.99,0.2
1059,3,13,1,269.99,0.07
1062,1,13,1,269.99,0.05
1073,2,13,1,269.99,0.07
1087,4,13,2,269.99,0.07
1099,2,13,2,269.99,0.05
1138,1,13,2,269.99,0.05
1178,4,13,2,269.99,0.05
1197,1,13,1,269.99,0.07
1201,2,13,1,269.99,0.05
1208,4,13,2,269.99,0.1
1245,1,13,1,269.99,0.1
1329,5,13,1,269.99,0.1
1334,4,13,1,269.99,0.05
1350,5,13,2,269.99,0.2
6,2,12,2,549.99,0.05
15,1,12,2,549.99,0.07
26,3,12,1,549.99,0.2
32,2,12,2,549.99,0.07
43,2,12,2,549.99,0.05
65,1,12,1,549.99,0.1
66,3,12,1,549.99,0.07
67,2,12,2,549.99,0.1
72,2,12,1,549.99,0.05
76,1,12,1,549.99,0.05
94,1,12,1,549.99,0.05
100,1,12,2,549.99,0.05
101,1,12,2,549.99,0.2
111,2,12,2,549.99,0.07
113,1,12,2,549.99,0.07
114,1,12,1,549.99,0.05
123,1,12,2,549.99,0.1
140,3,12,2,549.99,0.2
146,2,12,1,549.99,0.1
149,1,12,2,549.99,0.07
154,1,12,1,549.99,0.1
163,1,12,1,549.99,0.1
167,1,12,1,549.99,0.05
168,3,12,2,549.99,0.07
170,1,12,2,549.99,0.1
178,2,12,1,549.99,0.05
179,4,12,2,549.99,0.2
183,2,12,2,549.99,0.05
191,2,12,2,549.99,0.2
193,1,12,2,549.99,0.1
196,4,12,1,549.99,0.07
207,1,12,2,549.99,0.2
208,4,12,1,549.99,0.2
212,2,12,2,549.99,0.2
215,2,12,2,549.99,0.1
218,3,12,1,549.99,0.05
233,3,12,1,549.99,0.2
234,3,12,1,549.99,0.1
254,3,12,1,549.99,0.05
285,2,12,1,549.99,0.05
296,2,12,2,549.99,0.1
309,2,12,1,549.99,0.05
321,2,12,2,549.99,0.2
324,5,12,1,549.99,0.05
325,2,12,1,549.99,0.2
326,1,12,1,549.99,0.1
327,1,12,2,549.99,0.07
336,2,12,1,549.99,0.2
340,4,12,2,549.99,0.07
371,2,12,1,549.99,0.2
373,4,12,1,549.99,0.1
375,4,12,2,549.99,0.05
396,1,12,1,549.99,0.1
403,1,12,2,549.99,0.1
418,1,12,1,549.99,0.05
427,1,12,2,549.99,0.07
441,1,12,1,549.99,0.07
450,2,12,1,549.99,0.07
462,1,12,2,549.99,0.1
479,2,12,1,549.99,0.05
490,1,12,1,549.99,0.1
500,1,12,2,549.99,0.05
523,1,12,1,549.99,0.2
529,1,12,2,549.99,0.07
531,2,12,2,549.99,0.2
532,3,12,1,549.99,0.1
533,2,12,2,549.99,0.1
536,3,12,2,549.99,0.05
544,1,12,1,549.99,0.05
553,3,12,1,549.99,0.07
574,3,12,2,549.99,0.1
575,2,12,1,549.99,0.2
585,4,12,2,549.99,0.07
601,1,12,2,549.99,0.2
603,1,12,1,549.99,0.07
613,3,12,1,549.99,0.07
633,1,12,2,549.99,0.05
634,2,12,1,549.99,0.1
646,4,12,1,549.99,0.2
698,2,12,1,549.99,0.07
740,5,12,2,549.99,0.07
752,1,12,2,549.99,0.05
754,2,12,2,549.99,0.07
765,2,12,1,549.99,0.07
844,2,12,1,549.99,0.1
889,1,12,2,549.99,0.1
902,3,12,1,549.99,0.2
971,4,12,2,549.99,0.07
979,3,12,2,549.99,0.1
984,3,12,1,549.99,0.1
988,3,12,2,549.99,0.07
1036,5,12,1,549.99,0.2
1055,3,12,2,549.99,0.1
1062,4,12,1,549.99,0.2
1066,3,12,1,549.99,0.1
1100,1,12,1,549.99,0.05
1159,1,12,2,549.99,0.1
1162,5,12,2,549.99,0.05
1208,1,12,1,549.99,0.2
1248,4,12,1,549.99,0.05
1333,4,12,1,549.99,0.05
1458,3,12,1,549.99,0.05
1539,2,12,2,549.99,0.05
1553,2,12,1,549.99,0.1
12,2,11,1,1680.99,0.05
31,1,11,2,1680.99,0.05
48,1,11,1,1680.99,0.1
76,2,11,2,1680.99,0.1
82,2,11,2,1680.99,0.2
91,1,11,1,1680.99,0.1
94,3,11,1,1680.99,0.2
100,2,11,2,1680.99,0.1
105,1,11,2,1680.99,0.2
108,1,11,1,1680.99,0.1
142,2,11,2,1680.99,0.1
145,1,11,1,1680.99,0.2
160,4,11,1,1680.99,0.05
166,2,11,1,1680.99,0.2
168,2,11,2,1680.99,0.07
169,4,11,1,1680.99,0.2
176,2,11,2,1680.99,0.2
181,2,11,1,1680.99,0.1
183,1,11,2,1680.99,0.2
207,3,11,2,1680.99,0.07
221,1,11,2,1680.99,0.07
224,2,11,2,1680.99,0.1
230,1,11,2,1680.99,0.07
232,2,11,2,1680.99,0.05
234,1,11,2,1680.99,0.2
250,2,11,2,1680.99,0.1
252,1,11,2,1680.99,0.1
253,1,11,2,1680.99,0.07
256,1,11,1,1680.99,0.1
271,1,11,2,1680.99,0.07
272,2,11,1,1680.99,0.07
274,1,11,2,1680.99,0.05
278,4,11,2,1680.99,0.07
296,3,11,2,1680.99,0.1
299,1,11,2,1680.99,0.05
300,4,11,2,1680.99,0.2
315,1,11,1,1680.99,0.2
319,1,11,1,1680.99,0.07
338,4,11,2,1680.99,0.07
340,1,11,1,1680.99,0.05
352,1,11,1,1680.99,0.2
361,3,11,1,1680.99,0.1
372,1,11,1,1680.99,0.05
380,2,11,2,1680.99,0.05
388,4,11,1,1680.99,0.1
399,2,11,2,1680.99,0.05
429,1,11,1,1680.99,0.2
430,2,11,1,1680.99,0.07
434,4,11,2,1680.99,0.07
452,1,11,1,1680.99,0.05
458,3,11,1,1680.99,0.1
459,1,11,1,1680.99,0.2
467,5,11,1,1680.99,0.1
474,2,11,1,1680.99,0.2
476,3,11,2,1680.99,0.07
499,1,11,1,1680.99,0.2
507,1,11,2,1680.99,0.05
518,5,11,2,1680.99,0.07
524,1,11,1,1680.99,0.07
547,1,11,2,1680.99,0.05
548,2,11,2,1680.99,0.07
551,3,11,2,1680.99,0.2
570,4,11,1,1680.99,0.1
572,3,11,2,1680.99,0.2
574,5,11,2,1680.99,0.05
586,1,11,2,1680.99,0.1
605,4,11,1,1680.99,0.2
607,1,11,2,1680.99,0.2
615,1,11,1,1680.99,0.07
617,2,11,2,1680.99,0.07
618,2,11,1,1680.99,0.07
625,2,11,2,1680.99,0.2
632,2,11,2,1680.99,0.1
649,3,11,2,1680.99,0.1
690,2,11,2,1680.99,0.07
707,3,11,2,1680.99,0.1
740,3,11,1,1680.99,0.2
770,4,11,2,1680.99,0.05
797,1,11,1,1680.99,0.07
831,2,11,1,1680.99,0.2
841,3,11,1,1680.99,0.2
941,3,11,2,1680.99,0.07
1007,2,11,1,1680.99,0.05
1034,3,11,2,1680.99,0.07
1060,2,11,2,1680.99,0.07
1094,2,11,1,1680.99,0.1
1096,1,11,1,1680.99,0.1
1116,1,11,2,1680.99,0.07
1121,1,11,2,1680.99,0.1
1146,3,11,1,1680.99,0.2
1226,3,11,2,1680.99,0.07
1277,5,11,1,1680.99,0.2
1283,5,11,1,1680.99,0.2
1305,3,11,1,1680.99,0.05
1310,3,11,2,1680.99,0.1
1321,3,11,2,1680.99,0.1
1507,2,11,2,1680.99,0.1
1,3,10,2,1549,0.05
5,1,10,2,1549,0.05
19,1,10,1,1549,0.07
20,2,10,2,1549,0.07
21,3,10,1,1549,0.07
25,2,10,2,1549,0.2
34,2,10,2,1549,0.1
38,4,10,2,1549,0.1
69,3,10,1,1549,0.05
81,1,10,2,1549,0.2
88,1,10,1,1549,0.07
93,5,10,2,1549,0.07
95,1,10,2,1549,0.2
120,3,10,2,1549,0.05
164,2,10,2,1549,0.05
166,1,10,2,1549,0.1
167,2,10,1,1549,0.2
169,3,10,1,1549,0.2
178,1,10,2,1549,0.2
181,1,10,1,1549,0.05
192,5,10,2,1549,0.2
196,3,10,2,1549,0.07
208,5,10,2,1549,0.05
211,1,10,1,1549,0.07
217,2,10,2,1549,0.1
222,1,10,1,1549,0.1
224,3,10,2,1549,0.2
245,1,10,2,1549,0.05
257,3,10,2,1549,0.1
260,2,10,1,1549,0.2
264,1,10,1,1549,0.2
287,2,10,1,1549,0.05
288,2,10,1,1549,0.1
292,3,10,2,1549,0.05
299,2,10,2,1549,0.2
300,3,10,1,1549,0.1
304,1,10,1,1549,0.05
305,1,10,1,1549,0.07
306,1,10,1,1549,0.2
313,2,10,2,1549,0.07
317,1,10,1,1549,0.2
338,2,10,1,1549,0.07
340,5,10,2,1549,0.1
343,4,10,1,1549,0.1
367,3,10,2,1549,0.05
368,2,10,2,1549,0.2
369,1,10,2,1549,0.07
374,1,10,1,1549,0.1
389,3,10,2,1549,0.05
401,2,10,2,1549,0.2
405,2,10,2,1549,0.1
426,1,10,1,1549,0.1
432,1,10,2,1549,0.2
433,2,10,1,1549,0.2
437,2,10,1,1549,0.05
444,5,10,2,1549,0.2
467,2,10,1,1549,0.07
468,3,10,2,1549,0.05
477,2,10,1,1549,0.05
479,5,10,1,1549,0.2
498,3,10,1,1549,0.07
503,2,10,1,1549,0.05
508,3,10,2,1549,0.05
520,3,10,1,1549,0.07
525,3,10,1,1549,0.1
533,3,10,1,1549,0.2
537,1,10,1,1549,0.05
557,2,10,1,1549,0.1
558,5,10,2,1549,0.07
568,2,10,1,1549,0.05
582,1,10,2,1549,0.2
585,1,10,1,1549,0.2
588,1,10,2,1549,0.07
595,4,10,1,1549,0.07
599,4,10,2,1549,0.1
604,1,10,2,1549,0.07
609,1,10,1,1549,0.07
622,3,10,1,1549,0.2
633,4,10,2,1549,0.2
704,1,10,2,1549,0.05
735,2,10,2,1549,0.07
838,2,10,1,1549,0.1
884,4,10,1,1549,0.1
896,2,10,1,1549,0.05
968,3,10,2,1549,0.05
993,3,10,2,1549,0.05
1028,2,10,1,1549,0.2
1030,2,10,2,1549,0.1
1049,5,10,2,1549,0.05
1078,4,10,2,1549,0.1
1086,4,10,2,1549,0.07
1128,2,10,1,1549,0.2
1132,2,10,1,1549,0.1
1171,3,10,2,1549,0.07
1215,2,10,2,1549,0.07
1242,3,10,1,1549,0.07
1601,2,10,1,1549,0.2
6,5,9,2,2999.99,0.07
18,5,9,2,2999.99,0.1
19,2,9,2,2999.99,0.2
20,1,9,1,2999.99,0.07
31,2,9,2,2999.99,0.2
36,1,9,1,2999.99,0.07
79,1,9,2,2999.99,0.1
86,1,9,2,2999.99,0.1
103,5,9,2,2999.99,0.1
105,3,9,1,2999.99,0.05
126,1,9,2,2999.99,0.05
129,2,9,1,2999.99,0.1
132,3,9,1,2999.99,0.1
145,2,9,2,2999.99,0.1
225,2,9,1,2999.99,0.1
240,1,9,1,2999.99,0.07
248,4,9,1,2999.99,0.2
262,2,9,2,2999.99,0.05
263,1,9,1,2999.99,0.07
265,1,9,2,2999.99,0.2
268,3,9,1,2999.99,0.1
274,3,9,2,2999.99,0.07
276,3,9,2,2999.99,0.07
283,1,9,1,2999.99,0.05
296,4,9,1,2999.99,0.2
298,4,9,1,2999.99,0.07
300,2,9,2,2999.99,0.1
314,2,9,1,2999.99,0.05
315,2,9,1,2999.99,0.1
318,3,9,1,2999.99,0.05
334,2,9,1,2999.99,0.05
338,5,9,1,2999.99,0.05
342,2,9,1,2999.99,0.2
357,4,9,1,2999.99,0.05
359,2,9,2,2999.99,0.07
379,1,9,1,2999.99,0.07
382,2,9,1,2999.99,0.1
389,5,9,1,2999.99,0.2
390,3,9,1,2999.99,0.05
400,2,9,1,2999.99,0.2
404,1,9,1,2999.99,0.07
410,2,9,2,2999.99,0.05
413,3,9,1,2999.99,0.07
419,1,9,1,2999.99,0.05
434,3,9,1,2999.99,0.2
435,2,9,1,2999.99,0.05
455,1,9,1,2999.99,0.05
468,2,9,2,2999.99,0.05
481,3,9,2,2999.99,0.1
484,3,9,2,2999.99,0.05
486,1,9,1,2999.99,0.07
491,1,9,2,2999.99,0.2
495,2,9,1,2999.99,0.05
524,3,9,1,2999.99,0.2
525,1,9,2,2999.99,0.07
527,4,9,2,2999.99,0.2
534,2,9,2,2999.99,0.05
539,1,9,2,2999.99,0.1
542,2,9,1,2999.99,0.1
547,2,9,1,2999.99,0.2
557,1,9,2,2999.99,0.1
558,3,9,1,2999.99,0.1
565,3,9,1,2999.99,0.05
567,1,9,1,2999.99,0.2
571,2,9,1,2999.99,0.1
576,1,9,1,2999.99,0.1
580,4,9,2,2999.99,0.07
596,3,9,1,2999.99,0.05
599,1,9,2,2999.99,0.05
604,2,9,2,2999.99,0.2
613,1,9,2,2999.99,0.1
622,1,9,2,2999.99,0.07
627,2,9,2,2999.99,0.2
637,1,9,1,2999.99,0.1
644,1,9,1,2999.99,0.07
654,1,9,1,2999.99,0.1
658,3,9,1,2999.99,0.05
749,1,9,1,2999.99,0.2
807,4,9,2,2999.99,0.2
841,2,9,1,2999.99,0.2
892,2,9,2,2999.99,0.2
949,1,9,2,2999.99,0.1
980,2,9,1,2999.99,0.1
991,1,9,2,2999.99,0.2
1038,2,9,1,2999.99,0.07
1049,1,9,1,2999.99,0.1
1067,2,9,2,2999.99,0.2
1100,2,9,2,2999.99,0.1
1112,5,9,2,2999.99,0.1
1122,1,9,2,2999.99,0.07
1160,2,9,1,2999.99,0.2
1175,5,9,1,2999.99,0.05
1197,3,9,2,2999.99,0.05
1214,1,9,2,2999.99,0.05
1277,3,9,2,2999.99,0.1
1279,1,9,2,2999.99,0.05
1305,2,9,1,2999.99,0.07
1306,5,9,2,2999.99,0.07
1411,1,9,1,2999.99,0.1
1573,1,9,1,2999.99,0.05
1592,4,9,1,2999.99,0.2
1,2,8,2,1799.99,0.07
11,1,8,1,1799.99,0.05
15,2,8,1,1799.99,0.07
16,1,8,1,1799.99,0.2
17,1,8,1,1799.99,0.07
27,4,8,1,1799.99,0.07
29,4,8,1,1799.99,0.2
32,1,8,2,1799.99,0.07
34,1,8,2,1799.99,0.07
40,2,8,2,1799.99,0.2
53,1,8,2,1799.99,0.2
62,2,8,2,1799.99,0.1
88,2,8,2,1799.99,0.1
92,1,8,1,1799.99,0.1
95,3,8,2,1799.99,0.2
144,1,8,2,1799.99,0.05
153,2,8,1,1799.99,0.07
155,1,8,1,1799.99,0.1
171,1,8,1,1799.99,0.05
185,2,8,1,1799.99,0.05
191,4,8,2,1799.99,0.05
192,1,8,2,1799.99,0.1
198,3,8,2,1799.99,0.2
202,1,8,1,1799.99,0.07
229,3,8,1,1799.99,0.2
231,1,8,2,1799.99,0.07
232,4,8,2,1799.99,0.1
240,2,8,1,1799.99,0.07
245,2,8,1,1799.99,0.1
257,1,8,2,1799.99,0.07
258,1,8,2,1799.99,0.05
303,1,8,2,1799.99,0.05
310,4,8,1,1799.99,0.2
329,2,8,2,1799.99,0.05
333,2,8,2,1799.99,0.05
358,3,8,2,1799.99,0.05
373,1,8,2,1799.99,0.05
377,1,8,1,1799.99,0.05
382,1,8,1,1799.99,0.1
384,3,8,1,1799.99,0.05
386,1,8,1,1799.99,0.2
391,1,8,1,1799.99,0.07
398,1,8,2,1799.99,0.05
413,1,8,2,1799.99,0.05
423,1,8,2,1799.99,0.05
430,5,8,1,1799.99,0.2
437,3,8,2,1799.99,0.05
438,3,8,2,1799.99,0.05
447,3,8,1,1799.99,0.07
452,4,8,1,1799.99,0.1
461,3,8,2,1799.99,0.05
469,1,8,2,1799.99,0.1
470,3,8,2,1799.99,0.2
484,1,8,2,1799.99,0.1
489,1,8,2,1799.99,0.1
501,2,8,1,1799.99,0.07
508,1,8,1,1799.99,0.05
515,1,8,1,1799.99,0.07
526,2,8,1,1799.99,0.1
546,2,8,1,1799.99,0.1
548,1,8,1,1799.99,0.1
555,1,8,1,1799.99,0.2
566,3,8,1,1799.99,0.1
578,4,8,2,1799.99,0.2
581,1,8,2,1799.99,0.07
584,5,8,2,1799.99,0.07
590,3,8,2,1799.99,0.05
597,2,8,1,1799.99,0.07
610,5,8,1,1799.99,0.1
623,1,8,1,1799.99,0.07
688,1,8,1,1799.99,0.1
769,1,8,1,1799.99,0.1
779,4,8,1,1799.99,0.2
971,3,8,2,1799.99,0.05
1002,3,8,2,1799.99,0.1
1012,1,8,1,1799.99,0.07
1034,2,8,2,1799.99,0.1
1040,5,8,2,1799.99,0.05
1141,1,8,1,1799.99,0.1
1164,1,8,1,1799.99,0.2
1227,4,8,1,1799.99,0.07
1260,1,8,1,1799.99,0.1
1284,2,8,1,1799.99,0.05
1301,3,8,1,1799.99,0.2
1371,2,8,2,1799.99,0.2
9,1,7,2,3999.99,0.1
18,3,7,1,3999.99,0.1
26,1,7,1,3999.99,0.05
28,2,7,2,3999.99,0.2
30,5,7,2,3999.99,0.1
33,2,7,1,3999.99,0.1
38,1,7,2,3999.99,0.05
44,1,7,1,3999.99,0.1
75,2,7,2,3999.99,0.07
88,3,7,1,3999.99,0.1
99,4,7,2,3999.99,0.07
100,3,7,2,3999.99,0.2
124,3,7,2,3999.99,0.05
136,1,7,2,3999.99,0.2
150,1,7,1,3999.99,0.1
157,2,7,2,3999.99,0.07
161,3,7,2,3999.99,0.05
167,4,7,2,3999.99,0.05
170,3,7,1,3999.99,0.2
188,1,7,2,3999.99,0.07
201,2,7,1,3999.99,0.2
207,4,7,2,3999.99,0.1
212,4,7,1,3999.99,0.2
223,1,7,2,3999.99,0.05
234,4,7,1,3999.99,0.05
235,3,7,2,3999.99,0.05
238,5,7,1,3999.99,0.07
241,1,7,1,3999.99,0.2
243,3,7,2,3999.99,0.05
249,1,7,2,3999.99,0.05
267,4,7,2,3999.99,0.07
268,1,7,1,3999.99,0.05
271,4,7,2,3999.99,0.1
275,3,7,2,3999.99,0.05
281,3,7,2,3999.99,0.07
282,2,7,2,3999.99,0.07
286,4,7,1,3999.99,0.1
288,3,7,2,3999.99,0.05
294,3,7,2,3999.99,0.05
304,2,7,2,3999.99,0.1
308,1,7,1,3999.99,0.1
310,1,7,2,3999.99,0.07
314,4,7,2,3999.99,0.07
325,1,7,1,3999.99,0.05
359,3,7,2,3999.99,0.2
360,2,7,2,3999.99,0.2
374,2,7,1,3999.99,0.07
385,2,7,2,3999.99,0.2
390,2,7,2,3999.99,0.07
397,1,7,1,3999.99,0.05
403,2,7,2,3999.99,0.2
412,1,7,1,3999.99,0.1
432,2,7,2,3999.99,0.05
439,2,7,2,3999.99,0.05
445,1,7,1,3999.99,0.2
449,3,7,2,3999.99,0.07
452,3,7,2,3999.99,0.1
457,3,7,2,3999.99,0.1
464,1,7,1,3999.99,0.1
466,3,7,2,3999.99,0.05
479,4,7,1,3999.99,0.05
506,2,7,1,3999.99,0.07
513,1,7,1,3999.99,0.07
516,1,7,1,3999.99,0.05
519,5,7,1,3999.99,0.05
549,4,7,1,3999.99,0.05
555,2,7,1,3999.99,0.1
558,1,7,1,3999.99,0.07
559,3,7,2,3999.99,0.07
566,2,7,2,3999.99,0.2
579,1,7,2,3999.99,0.05
608,2,7,2,3999.99,0.1
609,2,7,1,3999.99,0.1
677,2,7,2,3999.99,0.07
680,2,7,1,3999.99,0.2
696,2,7,1,3999.99,0.1
700,1,7,2,3999.99,0.05
753,2,7,2,3999.99,0.2
754,5,7,1,3999.99,0.2
777,2,7,2,3999.99,0.2
781,2,7,2,3999.99,0.2
869,1,7,1,3999.99,0.2
919,1,7,1,3999.99,0.07
946,1,7,1,3999.99,0.1
992,5,7,1,3999.99,0.05
1026,1,7,2,3999.99,0.07
1052,1,7,1,3999.99,0.05
1059,2,7,1,3999.99,0.1
1060,1,7,1,3999.99,0.07
1124,1,7,2,3999.99,0.1
1139,5,7,1,3999.99,0.1
1194,2,7,2,3999.99,0.07
1214,2,7,1,3999.99,0.2
1235,1,7,1,3999.99,0.1
1251,3,7,1,3999.99,0.07
1269,2,7,1,3999.99,0.2
1283,3,7,1,3999.99,0.1
1370,1,7,1,3999.99,0.07
1397,3,7,1,3999.99,0.05
1460,4,7,2,3999.99,0.07
1601,4,7,2,3999.99,0.07
14,1,6,1,469.99,0.07
28,4,6,1,469.99,0.05
29,2,6,1,469.99,0.2
47,1,6,1,469.99,0.05
74,2,6,1,469.99,0.07
79,3,6,1,469.99,0.1
89,2,6,2,469.99,0.1
90,2,6,1,469.99,0.07
97,3,6,2,469.99,0.2
109,2,6,1,469.99,0.07
113,3,6,1,469.99,0.07
118,3,6,1,469.99,0.07
120,2,6,2,469.99,0.05
138,2,6,1,469.99,0.2
143,1,6,1,469.99,0.2
146,4,6,2,469.99,0.05
152,1,6,2,469.99,0.2
156,3,6,1,469.99,0.07
168,1,6,1,469.99,0.1
186,2,6,1,469.99,0.1
196,1,6,1,469.99,0.05
198,1,6,2,469.99,0.05
204,1,6,2,469.99,0.07
208,1,6,2,469.99,0.05
220,1,6,2,469.99,0.05
224,1,6,1,469.99,0.07
235,1,6,1,469.99,0.07
254,1,6,2,469.99,0.07
259,2,6,2,469.99,0.1
266,1,6,2,469.99,0.07
268,2,6,2,469.99,0.2
271,2,6,2,469.99,0.05
277,2,6,2,469.99,0.2
291,1,6,2,469.99,0.05
293,2,6,1,469.99,0.2
298,2,6,2,469.99,0.05
301,1,6,1,469.99,0.05
305,2,6,1,469.99,0.1
325,3,6,2,469.99,0.2
328,1,6,2,469.99,0.1
335,1,6,1,469.99,0.1
338,1,6,2,469.99,0.07
350,1,6,2,469.99,0.05
358,2,6,2,469.99,0.07
361,2,6,2,469.99,0.1
393,1,6,2,469.99,0.2
402,1,6,2,469.99,0.07
415,4,6,2,469.99,0.05
417,2,6,2,469.99,0.07
421,1,6,2,469.99,0.07
424,2,6,1,469.99,0.05
425,1,6,1,469.99,0.1
429,4,6,1,469.99,0.07
431,2,6,1,469.99,0.1
433,1,6,1,469.99,0.1
439,1,6,2,469.99,0.07
442,3,6,2,469.99,0.2
448,2,6,2,469.99,0.05
465,1,6,2,469.99,0.1
466,2,6,1,469.99,0.2
477,1,6,1,469.99,0.1
484,4,6,1,469.99,0.2
487,1,6,1,469.99,0.2
492,1,6,1,469.99,0.1
515,4,6,2,469.99,0.2
519,1,6,1,469.99,0.07
525,2,6,2,469.99,0.07
530,3,6,2,469.99,0.2
531,1,6,1,469.99,0.2
545,2,6,1,469.99,0.07
559,2,6,1,469.99,0.1
563,1,6,2,469.99,0.1
579,2,6,1,469.99,0.2
606,1,6,2,469.99,0.2
615,3,6,2,469.99,0.1
629,5,6,2,469.99,0.1
632,4,6,1,469.99,0.05
645,3,6,1,469.99,0.05
653,1,6,1,469.99,0.07
681,4,6,2,469.99,0.05
708,1,6,1,469.99,0.07
720,2,6,1,469.99,0.1
769,2,6,2,469.99,0.05
796,1,6,2,469.99,0.2
800,3,6,2,469.99,0.05
805,5,6,2,469.99,0.05
807,2,6,1,469.99,0.07
821,3,6,1,469.99,0.2
853,5,6,1,469.99,0.05
860,1,6,1,469.99,0.05
878,3,6,2,469.99,0.2
899,3,6,1,469.99,0.2
923,2,6,1,469.99,0.1
935,3,6,1,469.99,0.07
990,1,6,2,469.99,0.2
1015,1,6,2,469.99,0.1
1067,4,6,2,469.99,0.2
1124,2,6,1,469.99,0.1
1153,2,6,2,469.99,0.05
1155,2,6,2,469.99,0.1
1174,2,6,1,469.99,0.07
1183,3,6,2,469.99,0.05
1203,1,6,2,469.99,0.07
1210,2,6,2,469.99,0.07
1225,3,6,2,469.99,0.1
1232,3,6,2,469.99,0.2
1250,4,6,2,469.99,0.1
1285,4,6,1,469.99,0.1
1441,1,6,1,469.99,0.05
1539,1,6,2,469.99,0.05
17,3,5,1,1320.99,0.1
27,1,5,1,1320.99,0.2
28,1,5,1,1320.99,0.05
35,3,5,1,1320.99,0.2
36,2,5,1,1320.99,0.05
41,1,5,1,1320.99,0.1
48,3,5,2,1320.99,0.1
61,3,5,2,1320.99,0.2
67,4,5,2,1320.99,0.1
69,2,5,1,1320.99,0.2
76,3,5,1,1320.99,0.07
89,1,5,1,1320.99,0.05
112,4,5,1,1320.99,0.2
113,5,5,2,1320.99,0.2
121,1,5,1,1320.99,0.2
130,2,5,2,1320.99,0.07
135,1,5,2,1320.99,0.05
169,2,5,1,1320.99,0.05
175,1,5,1,1320.99,0.1
184,2,5,1,1320.99,0.1
187,1,5,1,1320.99,0.05
195,3,5,2,1320.99,0.2
207,2,5,1,1320.99,0.05
219,2,5,1,1320.99,0.2
223,2,5,1,1320.99,0.2
229,2,5,2,1320.99,0.1
231,3,5,2,1320.99,0.2
240,3,5,1,1320.99,0.07
255,1,5,2,1320.99,0.1
269,1,5,1,1320.99,0.07
287,1,5,1,1320.99,0.2
290,2,5,2,1320.99,0.07
310,3,5,2,1320.99,0.2
311,2,5,2,1320.99,0.2
314,1,5,1,1320.99,0.07
343,3,5,2,1320.99,0.05
348,1,5,2,1320.99,0.05
368,1,5,1,1320.99,0.2
372,3,5,1,1320.99,0.1
389,4,5,1,1320.99,0.05
391,2,5,2,1320.99,0.2
396,3,5,1,1320.99,0.2
402,2,5,1,1320.99,0.07
407,2,5,1,1320.99,0.05
415,3,5,1,1320.99,0.2
428,1,5,2,1320.99,0.2
429,3,5,2,1320.99,0.05
443,1,5,1,1320.99,0.05
450,3,5,1,1320.99,0.1
466,5,5,1,1320.99,0.1
515,2,5,1,1320.99,0.1
516,2,5,2,1320.99,0.1
518,2,5,2,1320.99,0.05
521,1,5,1,1320.99,0.2
523,3,5,2,1320.99,0.1
547,3,5,1,1320.99,0.1
561,3,5,1,1320.99,0.05
567,2,5,1,1320.99,0.07
568,1,5,1,1320.99,0.05
590,4,5,2,1320.99,0.1
596,1,5,1,1320.99,0.05
602,2,5,2,1320.99,0.07
609,4,5,1,1320.99,0.1
620,1,5,2,1320.99,0.2
629,2,5,2,1320.99,0.05
630,1,5,1,1320.99,0.05
633,3,5,2,1320.99,0.2
664,2,5,1,1320.99,0.07
673,3,5,1,1320.99,0.07
687,3,5,2,1320.99,0.2
691,2,5,2,1320.99,0.1
693,3,5,2,1320.99,0.05
697,1,5,2,1320.99,0.05
711,1,5,2,1320.99,0.05
777,1,5,1,1320.99,0.2
799,1,5,2,1320.99,0.1
850,2,5,2,1320.99,0.07
858,2,5,1,1320.99,0.2
875,1,5,2,1320.99,0.1
880,3,5,1,1320.99,0.07
883,2,5,2,1320.99,0.05
909,1,5,1,1320.99,0.2
939,1,5,1,1320.99,0.1
985,1,5,2,1320.99,0.07
989,5,5,1,1320.99,0.1
1022,4,5,1,1320.99,0.07
1062,3,5,1,1320.99,0.05
1086,5,5,1,1320.99,0.2
1112,3,5,2,1320.99,0.1
1295,1,5,2,1320.99,0.2
1376,1,5,1,1320.99,0.07
1,5,4,1,2899.99,0.2
12,1,4,2,2899.99,0.1
23,1,4,2,2899.99,0.05
30,4,4,1,2899.99,0.1
45,1,4,2,2899.99,0.2
48,2,4,1,2899.99,0.2
60,2,4,1,2899.99,0.1
85,1,4,2,2899.99,0.05
94,2,4,1,2899.99,0.2
118,2,4,1,2899.99,0.07
121,3,4,2,2899.99,0.1
124,2,4,1,2899.99,0.07
127,3,4,2,2899.99,0.07
128,3,4,2,2899.99,0.2
131,2,4,2,2899.99,0.07
157,1,4,1,2899.99,0.1
164,1,4,2,2899.99,0.05
165,1,4,2,2899.99,0.05
184,1,4,1,2899.99,0.2
186,1,4,1,2899.99,0.1
195,4,4,2,2899.99,0.2
197,1,4,2,2899.99,0.2
199,3,4,1,2899.99,0.2
208,2,4,2,2899.99,0.07
228,4,4,1,2899.99,0.2
236,3,4,2,2899.99,0.1
239,4,4,2,2899.99,0.07
252,2,4,1,2899.99,0.07
258,2,4,1,2899.99,0.07
259,4,4,1,2899.99,0.1
288,1,4,1,2899.99,0.2
292,2,4,1,2899.99,0.07
297,1,4,2,2899.99,0.2
313,1,4,1,2899.99,0.07
321,1,4,2,2899.99,0.2
327,3,4,1,2899.99,0.05
336,1,4,1,2899.99,0.1
337,2,4,1,2899.99,0.05
351,1,4,2,2899.99,0.05
356,2,4,1,2899.99,0.05
366,2,4,1,2899.99,0.07
370,2,4,2,2899.99,0.1
375,3,4,2,2899.99,0.07
384,5,4,1,2899.99,0.2
406,1,4,1,2899.99,0.2
414,1,4,2,2899.99,0.1
421,4,4,1,2899.99,0.07
429,2,4,2,2899.99,0.1
430,3,4,2,2899.99,0.2
433,4,4,1,2899.99,0.2
438,1,4,1,2899.99,0.07
440,2,4,2,2899.99,0.07
447,1,4,2,2899.99,0.05
453,3,4,1,2899.99,0.2
460,3,4,1,2899.99,0.2
461,2,4,1,2899.99,0.2
469,2,4,1,2899.99,0.07
476,2,4,2,2899.99,0.2
480,1,4,1,2899.99,0.05
509,2,4,2,2899.99,0.05
522,1,4,2,2899.99,0.07
527,2,4,1,2899.99,0.2
530,2,4,1,2899.99,0.07
533,1,4,1,2899.99,0.2
550,1,4,1,2899.99,0.05
554,3,4,2,2899.99,0.2
556,2,4,2,2899.99,0.2
564,1,4,1,2899.99,0.2
571,1,4,1,2899.99,0.05
575,1,4,2,2899.99,0.07
595,1,4,1,2899.99,0.07
598,1,4,2,2899.99,0.05
600,2,4,1,2899.99,0.2
603,2,4,1,2899.99,0.1
608,1,4,2,2899.99,0.2
634,1,4,2,2899.99,0.05
635,1,4,1,2899.99,0.05
646,2,4,1,2899.99,0.07
671,4,4,1,2899.99,0.07
703,4,4,2,2899.99,0.2
712,5,4,2,2899.99,0.05
716,4,4,2,2899.99,0.05
732,2,4,2,2899.99,0.07
918,3,4,2,2899.99,0.07
938,1,4,1,2899.99,0.05
954,1,4,2,2899.99,0.1
963,1,4,1,2899.99,0.07
973,1,4,2,2899.99,0.1
1133,1,4,2,2899.99,0.05
1187,3,4,1,2899.99,0.1
1232,1,4,2,2899.99,0.07
1257,5,4,1,2899.99,0.1
1269,1,4,2,2899.99,0.2
1277,4,4,1,2899.99,0.1
1284,3,4,2,2899.99,0.05
1362,3,4,2,2899.99,0.2
1558,3,4,1,2899.99,0.05
3,1,3,1,999.99,0.05
6,4,3,2,999.99,0.07
7,2,3,1,999.99,0.1
24,1,3,2,999.99,0.1
36,3,3,2,999.99,0.2
39,3,3,2,999.99,0.05
50,1,3,1,999.99,0.05
54,2,3,1,999.99,0.2
63,3,3,1,999.99,0.1
70,1,3,2,999.99,0.05
73,3,3,2,999.99,0.07
75,1,3,1,999.99,0.1
83,2,3,2,999.99,0.05
90,1,3,1,999.99,0.1
103,2,3,1,999.99,0.05
105,2,3,1,999.99,0.05
118,4,3,2,999.99,0.1
128,4,3,2,999.99,0.2
136,2,3,2,999.99,0.05
139,2,3,1,999.99,0.07
140,4,3,1,999.99,0.05
146,1,3,2,999.99,0.2
150,2,3,1,999.99,0.2
162,3,3,2,999.99,0.1
178,3,3,1,999.99,0.1
190,3,3,2,999.99,0.2
191,3,3,1,999.99,0.07
196,2,3,2,999.99,0.07
203,2,3,2,999.99,0.1
208,3,3,1,999.99,0.05
220,4,3,2,999.99,0.2
227,1,3,2,999.99,0.05
236,1,3,2,999.99,0.07
242,1,3,1,999.99,0.2
247,2,3,1,999.99,0.2
254,2,3,1,999.99,0.05
263,2,3,1,999.99,0.2
264,4,3,2,999.99,0.07
269,4,3,1,999.99,0.05
276,1,3,2,999.99,0.2
282,3,3,2,999.99,0.05
305,3,3,2,999.99,0.2
309,1,3,1,999.99,0.05
333,3,3,1,999.99,0.2
334,3,3,2,999.99,0.05
350,3,3,1,999.99,0.07
386,2,3,2,999.99,0.05
392,2,3,2,999.99,0.05
400,3,3,2,999.99,0.2
405,1,3,2,999.99,0.2
408,2,3,1,999.99,0.07
415,1,3,1,999.99,0.07
420,3,3,2,999.99,0.05
421,2,3,2,999.99,0.2
436,1,3,1,999.99,0.05
437,1,3,1,999.99,0.05
447,2,3,1,999.99,0.1
458,5,3,2,999.99,0.2
524,4,3,2,999.99,0.07
526,1,3,2,999.99,0.1
549,3,3,1,999.99,0.07
554,1,3,2,999.99,0.07
570,3,3,2,999.99,0.2
572,1,3,1,999.99,0.05
577,1,3,2,999.99,0.2
593,1,3,2,999.99,0.1
595,3,3,1,999.99,0.07
610,4,3,1,999.99,0.07
650,1,3,1,999.99,0.2
667,3,3,1,999.99,0.2
702,3,3,2,999.99,0.07
722,2,3,1,999.99,0.05
734,2,3,1,999.99,0.05
739,1,3,1,999.99,0.2
754,3,3,1,999.99,0.05
807,3,3,2,999.99,0.07
927,4,3,1,999.99,0.1
1037,2,3,1,999.99,0.07
1048,1,3,2,999.99,0.1
1049,3,3,1,999.99,0.1
1056,1,3,1,999.99,0.05
1095,2,3,2,999.99,0.2
1175,4,3,1,999.99,0.05
1289,2,3,1,999.99,0.1
1324,4,3,1,999.99,0.2
1344,3,3,1,999.99,0.07
4,1,2,2,749.99,0.1
18,1,2,2,749.99,0.2
26,2,2,1,749.99,0.2
59,2,2,1,749.99,0.1
66,1,2,1,749.99,0.2
93,4,2,1,749.99,0.2
97,2,2,1,749.99,0.07
98,3,2,1,749.99,0.2
114,2,2,1,749.99,0.07
121,5,2,2,749.99,0.05
132,1,2,2,749.99,0.05
134,2,2,2,749.99,0.07
135,4,2,1,749.99,0.05
146,5,2,1,749.99,0.07
165,3,2,1,749.99,0.05
175,2,2,2,749.99,0.2
176,1,2,2,749.99,0.07
192,3,2,1,749.99,0.05
197,2,2,2,749.99,0.07
211,2,2,2,749.99,0.07
218,1,2,2,749.99,0.1
222,2,2,2,749.99,0.1
226,1,2,1,749.99,0.05
228,2,2,2,749.99,0.07
236,2,2,2,749.99,0.1
255,3,2,2,749.99,0.2
259,3,2,2,749.99,0.2
262,1,2,1,749.99,0.07
263,3,2,2,749.99,0.05
272,1,2,2,749.99,0.07
285,3,2,1,749.99,0.1
287,3,2,1,749.99,0.05
290,1,2,2,749.99,0.07
302,3,2,2,749.99,0.2
316,1,2,2,749.99,0.2
320,1,2,1,749.99,0.1
324,1,2,2,749.99,0.1
335,2,2,2,749.99,0.1
353,1,2,2,749.99,0.2
362,1,2,1,749.99,0.07
375,2,2,2,749.99,0.05
376,1,2,2,749.99,0.07
388,3,2,1,749.99,0.07
389,1,2,1,749.99,0.07
408,3,2,2,749.99,0.07
411,1,2,1,749.99,0.07
423,4,2,1,749.99,0.2
429,5,2,1,749.99,0.1
449,2,2,1,749.99,0.05
457,2,2,1,749.99,0.05
458,1,2,1,749.99,0.2
504,2,2,2,749.99,0.05
508,2,2,2,749.99,0.05
524,2,2,1,749.99,0.05
530,1,2,2,749.99,0.05
534,3,2,1,749.99,0.07
536,2,2,1,749.99,0.1
538,1,2,2,749.99,0.2
552,2,2,1,749.99,0.2
573,1,2,1,749.99,0.2
590,1,2,2,749.99,0.1
591,3,2,2,749.99,0.1
653,3,2,2,749.99,0.1
683,1,2,2,749.99,0.1
777,3,2,1,749.99,0.2
792,5,2,1,749.99,0.2
835,3,2,1,749.99,0.05
879,2,2,2,749.99,0.07
912,4,2,2,749.99,0.2
915,4,2,1,749.99,0.07
1008,2,2,1,749.99,0.1
1092,3,2,2,749.99,0.1
1124,5,2,2,749.99,0.05
1296,4,2,2,749.99,0.1
1345,4,2,2,749.99,0.2
1378,3,2,2,749.99,0.2
1499,4,2,1,749.99,0.05
